time_s,vi_V,vg_V,vo_V
0.0,0.0,2.0,4.133858259559334
1e-08,6.283185303045418e-07,2.0000006283185043,4.133857188274145
2e-08,1.2566370581285812e-06,2.0000012566369794,4.133856116987742
4e-08,2.5132740964131456e-06,2.00000251327386,4.133853974413796
8e-08,5.0265480340741565e-06,2.00000502654717,4.133849689259105
1.6e-07,1.00530947981313e-05,2.0000100530914207,4.133841118923486
3.2e-07,2.0106179436128425e-05,2.0000201061660046,4.133823978154886
6.4e-07,4.021227759124506e-05,2.0000402122239467,4.133789696288851
1.28e-06,8.042390493636727e-05,2.000080423690443,4.133721131726582
2.28e-06,0.0001432517250899017,2.0001432510446073,4.1336139996483805
3.28e-06,0.00020607388991061571,2.000206072481671,4.1335068713548075
4.28e-06,0.00026888791928701114,2.0002688855215514,4.133399751077332
5.279999999999999e-06,0.00033169133342876296,2.000331687684499,4.133292643047857
6.279999999999999e-06,0.0003944816529646175,2.000394476491193,4.133185551498547
7.279999999999999e-06,0.00045725639904027393,2.00045724946284,4.133078480661658
8.279999999999999e-06,0.0005200130934162445,2.000520004121271,4.13297143476938
9.28e-06,0.0005827492585656921,2.0005827379890415,4.132864418053651
1.028e-05,0.000645462417772238,2.0006454485895255,4.132757434746011
1.128e-05,0.0007081500952277389,2.0007081334470183,4.132650489077414
1.2280000000000001e-05,0.0007708098161300277,2.00077079008683,4.13254358527807
1.3280000000000002e-05,0.0008334391067806134,2.000833416035385,4.1324367275772795
1.4280000000000002e-05,0.0008960354946823395,2.0008960088203187,4.132329920203257
1.5280000000000003e-05,0.0009585965086369941,2.000958565970576,4.132223167382967
1.6280000000000003e-05,0.0010211196788428678,2.001021085016509,4.132116473341956
1.7280000000000004e-05,0.0010836025369922579,2.0010835634899746,4.132009842304179
1.8280000000000005e-05,0.0011460426163689124,2.0011459989244296,4.131903278491842
1.9280000000000005e-05,0.0012084374519454116,2.0012083888550314,4.131796786125217
2.0280000000000006e-05,0.0012707845804804847,2.001270730818734,4.1316903694224845
2.1280000000000006e-05,0.001333081540616252,2.0013330223543844,4.131584032599567
2.2280000000000007e-05,0.0013953258729753968,2.0013952610028203,4.131477779869948
2.3280000000000008e-05,0.0014575151202582573,2.0014574443069675,4.131371615444519
2.4280000000000008e-05,0.0015196468273398352,2.001519569811937,4.131265543531395
2.528000000000001e-05,0.0015817185413667223,2.0015816350651208,4.13115956833576
2.628000000000001e-05,0.0016437278118539324,2.0016436376162905,4.131053694059685
2.728000000000001e-05,0.0017056721907816427,2.0017055750176924,4.130947924901968
2.828000000000001e-05,0.00176754923269184,2.001767444824145,4.130842265057965
2.928000000000001e-05,0.0018293564947848599,2.001829244593136,4.1307367187194135
3.028000000000001e-05,0.0018910915370158252,2.001890971884916,4.130631290074278
3.128000000000001e-05,0.0019527519221909761,2.0019526242625996,4.13052598330656
3.228000000000001e-05,0.0020143352160638867,2.002014199292257,4.130420802596154
3.328000000000001e-05,0.0020758389874315606,2.0020756945430125,4.130315752118659
3.4280000000000004e-05,0.002137260808230417,2.0021371075871404,4.130210836045221
3.528e-05,0.0021985982536321404,2.00219843600016,4.130106058542362
3.628e-05,0.002259848902139414,2.002259677360932,4.130001423771804
3.7279999999999995e-05,0.002321010335681512,2.002320829251752,4.129896935890321
3.827999999999999e-05,0.002382080139709764,2.00238188925845,4.129792599049545
3.927999999999999e-05,0.002443055903292874,2.002442854970483,4.1296884173958155
4.027999999999999e-05,0.002503935219212105,2.0025037239810297,4.1295843950700055
4.1279999999999984e-05,0.002564715684056304,2.0025644938870872,4.129480536207353
4.227999999999998e-05,0.0026253948983167943,2.002625162289564,4.129376844937299
4.327999999999998e-05,0.0026859704664820945,2.0026857267933775,4.129273325383309
4.4279999999999976e-05,0.002746439997132496,2.002746185007545,4.129169981662718
4.527999999999997e-05,0.0028068011030344692,2.002806534545281,4.129066817886553
4.627999999999997e-05,0.002867051401234908,2.002866773024091,4.12896383815937
4.727999999999997e-05,0.0029271885131552044,2.002926898065863,4.12886104657909
4.8279999999999965e-05,0.0029872100646851506,2.002986907296965,4.128758447236824
4.927999999999996e-05,0.0030471136862766663,2.0030467983483367,4.128656044216714
5.027999999999996e-05,0.0031068970130373424,2.003106568855582,4.128553841595765
5.1279999999999956e-05,0.0031665576848238035,2.003166216459066,4.1284518434436706
5.2279999999999953e-05,0.0032260933463348824,2.003225738804004,4.128350053822661
5.327999999999995e-05,0.003285501647204605,2.0032851335405564,4.128248476787327
5.427999999999995e-05,0.003344780242094976,2.0033443983239225,4.128147116384453
5.5279999999999945e-05,0.0034039267907885703,2.003403530814431,4.128045976652857
5.627999999999994e-05,0.0034629389582809195,2.0034625286776335,4.127945061623229
5.727999999999994e-05,0.003521814414872698,2.003521389584396,4.127844375317949
5.827999999999994e-05,0.003580550836261689,2.0035801112109914,4.127743921750944
5.9279999999999934e-05,0.0036391459036345503,2.0036386912391926,4.127643704927504
6.027999999999993e-05,0.003697597303758351,2.003697127356361,4.127543728844132
6.127999999999993e-05,0.0037559027290719007,2.0037554172555403,4.1274439974883705
6.227999999999993e-05,0.003814059877776841,2.003813558635546,4.1273445148386445
6.327999999999992e-05,0.0038720664539285245,2.003871549201056,4.127245284864093
6.427999999999992e-05,0.003929920167526646,2.0039293866627044,4.127146311524407
6.527999999999992e-05,0.003987618734605655,2.003987068737168,4.127047598769666
6.627999999999991e-05,0.004045159877324918,2.0040445931472584,4.126949150540181
6.727999999999991e-05,0.004102541324058648,2.004101957622011,4.126850970766322
6.827999999999991e-05,0.00415976080948558,2.004159159896776,4.126753063368362
6.92799999999999e-05,0.004216816074678406,2.004216197713307,4.1266554322563165
7.02799999999999e-05,0.004273704867192947,2.0042730688198493,4.126558081329781
7.12799999999999e-05,0.004330424941157088,2.00432977097123,4.126461014477766
7.22799999999999e-05,0.004386974057359426,2.004386301928948,4.126364235578536
7.32799999999999e-05,0.004443349983337683,2.004442659461257,4.12626774849946
7.427999999999989e-05,0.004499550493466831,2.0044988413432603,4.12617155709684
7.527999999999989e-05,0.004555573369046962,2.0045548453569935,4.1260756652157555
7.627999999999989e-05,0.004611416398390874,2.0046106692915155,4.1259800766899035
7.727999999999988e-05,0.004667077376911387,2.004666310942994,4.125884795341438
7.827999999999988e-05,0.004722554107208375,2.004721768114793,4.125789824980816
7.927999999999988e-05,0.00477784439915552,2.0047770386175596,4.125695169406634
8.027999999999988e-05,0.004832946069986765,2.0048321202693096,4.125600832405476
8.127999999999987e-05,0.004887856944382497,2.004887010895515,4.125506817751747
8.227999999999987e-05,0.004942574854555416,2.004941708329189,4.125413129207529
8.327999999999987e-05,0.004997097640336121,2.0049962104109724,4.125319770522411
8.427999999999986e-05,0.005051423149258387,2.0050505149892173,4.125226745433347
8.527999999999986e-05,0.005105549236644143,2.0051046199200724,4.125134057664486
8.627999999999986e-05,0.005159473765688135,2.005158523067569,4.125041710927024
8.727999999999986e-05,0.005213194607542293,2.005212222303704,4.124949708919056
8.827999999999985e-05,0.005266709641399764,2.005265715508525,4.124858055325407
8.927999999999985e-05,0.005320016754578643,2.005319000570212,4.1247667538174895
9.027999999999985e-05,0.00537311384260538,2.005372075385164,4.124675808053144
9.127999999999984e-05,0.005425998809297855,2.0054249378580793,4.124585221676491
9.227999999999984e-05,0.005478669566848138,2.005477585902039,4.124494998317774
9.327999999999984e-05,0.005531124035904907,2.005530017438589,4.124405141593212
9.427999999999984e-05,0.005583360145655537,2.0055822303978244,4.124315655104845
9.527999999999983e-05,0.0056353758339078635,2.005634222718466,4.124226542440389
9.627999999999983e-05,0.0056871690471715745,2.005685992347948,4.1241378071730725
9.727999999999983e-05,0.005738737740739296,2.0057375372424957,4.1240494528615
9.827999999999982e-05,0.005790079878767308,2.005788855367207,4.123961483049495
9.927999999999982e-05,0.0058411934343559095,2.0058399446961297,4.123873901265958
0.00010027999999999982,0.005892076389629447,2.005890803212345,4.123786711024719
0.00010127999999999982,0.005942726735815976,2.005941428908048,4.123699915824371
0.00010227999999999981,0.00599314247332655,2.005991819784624,4.1236135191481536
0.00010327999999999981,0.006043321611834181,2.006041973852729,4.123527524463775
0.00010427999999999981,0.006093262170352402,2.0060918891323665,4.123441935223295
0.0001052799999999998,0.006142962177313472,2.0061415636529674,4.123356754862961
0.0001062799999999998,0.0061924196706462185,2.0061909954534687,4.123271986803063
0.0001072799999999998,0.006241632697853489,2.0062401825823883,4.123187634447806
0.0001082799999999998,0.006290599316089234,2.0062891230979045,4.123103701185145
0.0001092799999999998,0.006339317592235213,2.00633781506793,4.123020190386658
0.00011027999999999979,0.0063877856029773,2.0063862565701895,4.1229371054074
0.00011127999999999979,0.006436001434881421,2.006434445692298,4.1228544495857555
0.00011227999999999979,0.006483963184469095,2.0064823805318306,4.1227722262433035
0.00011327999999999978,0.006531668958292567,2.006530059196405,4.122690438684677
0.00011427999999999978,0.006579116873009576,2.0065774798037497,4.122609090197416
0.00011527999999999978,0.0066263050554576895,2.006624640481781,4.122528184051842
0.00011627999999999977,0.006673231642728267,2.006671539368677,4.1224477235009065
0.00011727999999999977,0.006719894782239991,2.0067181746129514,4.122367711780061
0.00011827999999999977,0.006766292631812015,2.0067645443735254,4.122288152107116
0.00011927999999999977,0.006812423359736685,2.006810646819802,4.122209047682105
0.00012027999999999976,0.006858285144851849,2.006856480131736,4.122130401687151
0.00012127999999999976,0.006903876176612759,2.0069020424999087,4.122052217286334
0.00012227999999999976,0.006949194655163546,2.0069473321255957,4.121974497625548
0.00012327999999999975,0.006994238791408274,2.0069923472208417,4.121897245832375
0.00012427999999999975,0.007039006807081573,2.0070370860085296,4.121820465015949
0.00012527999999999975,0.0070834969348188385,2.0070815467224494,4.121744158266825
0.00012627999999999975,0.007127707418226006,2.007125727607369,4.121668328656848
0.00012727999999999974,0.007171636511948893,2.007169626919103,4.121592979239025
0.00012827999999999974,0.007215282481742096,2.0072132429245846,4.121518113047384
0.00012927999999999974,0.007258643604537461,2.007256573901928,4.12144373309686
0.00013027999999999974,0.00730171816851211,2.007299618140503,4.121369842383152
0.00013127999999999973,0.007344504473156009,2.0073423739409963,4.1212964438826125
0.00013227999999999973,0.007387000829339116,2.0073848396154856,4.121223540552097
0.00013327999999999973,0.0074292055593780494,2.007427013487498,4.1211511353288675
0.00013427999999999972,0.007471116997102336,2.0074688938920824,4.121079231130442
0.00013527999999999972,0.0075127334879201806,2.0075104791758736,4.121007830854481
0.00013627999999999972,0.007554053388883779,2.007551767697156,4.120936937378663
0.00013727999999999972,0.007595075068754197,2.007592757825931,4.120866553560561
0.0001382799999999997,0.007635796908065753,2.007633447943981,4.120796682237518
0.0001392799999999997,0.0076762172991899575,2.00767383644493,4.120727326226531
0.0001402799999999997,0.007716334646398977,2.00771392173431,4.120658488324124
0.0001412799999999997,0.0077561473659286395,2.0077537022296235,4.120590171306239
0.0001422799999999997,0.007795653886040945,2.0077931763604053,4.120522377928104
0.0001432799999999997,0.007834852647086128,2.0078323425682862,4.12045511092412
0.0001442799999999997,0.00787374210156422,2.0078711993070524,4.120388373007752
0.0001452799999999997,0.00791232071418615,2.007909745042707,4.120322166871398
0.0001462799999999997,0.007950586961934345,2.007947978253531,4.120256495186288
0.0001472799999999997,0.007988539334122871,2.0079858974301454,4.120191360602356
0.00014827999999999968,0.008026176332457054,2.008023501075566,4.120126765748142
0.00014927999999999968,0.008063496471092647,2.0080607877052667,4.120062713230665
0.00015027999999999968,0.00810049827669448,2.0080977558472366,4.119999205635315
0.00015127999999999968,0.00813718028849462,2.0081344040420372,4.119936245525747
0.00015227999999999967,0.008173541058350059,2.008170730842862,4.1198738354437685
0.00015327999999999967,0.008209579150799855,2.0082067348155923,4.119811977909223
0.00015427999999999967,0.008245293143121831,2.0082424145388535,4.1197506754198985
0.00015527999999999967,0.008280681625388718,2.0082777686040725,4.119689930451401
0.00015627999999999966,0.008315743200523834,2.0083127956155327,4.119629745457057
0.00015727999999999966,0.008350476484356226,2.008347494190428,4.119570122867811
0.00015827999999999966,0.00838488010567532,2.0083818629589194,4.119511065092117
0.00015927999999999965,0.008418952706285059,2.008415900564189,4.119452574515833
0.00016027999999999965,0.008452692941057507,2.0084496056624905,4.11939465350212
0.00016127999999999965,0.008486099477985972,2.0084829769232058,4.119337304391344
0.00016227999999999965,0.008519170998237577,2.0085160130288955,4.119280529500971
0.00016327999999999964,0.008551906196205328,2.008548712675352,4.119224331125465
0.00016427999999999964,0.008584303779559661,2.0085810745716492,4.119168711536196
0.00016527999999999964,0.00861636246929946,2.0086130974401977,4.119113672981333
0.00016627999999999963,0.008648080999802545,2.0086447800167897,4.119059217685756
0.00016727999999999963,0.008679458118875646,2.0086761210506525,4.119005347850955
0.00016827999999999963,0.008710492587803827,2.008707119304497,4.118952065654934
0.00016927999999999963,0.008741183181399393,2.008737773554566,4.118899373252119
0.00017027999999999962,0.00877152868805026,2.008768082590683,4.118847272773271
0.00017127999999999962,0.008801527909767785,2.008798045216301,4.118795766325376
0.00017227999999999962,0.008831179662234064,2.008827660248548,4.118744855991574
0.00017327999999999961,0.008860482774848678,2.008856926518274,4.118694543831057
0.0001742799999999996,0.008889436090774918,2.0088858428700975,4.1186448318789886
0.0001752799999999996,0.008918038466985448,2.0089144081624513,4.118595722146403
0.0001762799999999996,0.008946288774307427,2.0089426212676287,4.11854721662013
0.0001772799999999996,0.008974185897467098,2.008970481071825,4.118499317262702
0.0001782799999999996,0.009001728735133803,2.0089979864751846,4.118452026012276
0.0001792799999999996,0.009028916199963474,2.009025136391841,4.118405344782545
0.0001802799999999996,0.009055747218641554,2.009051929749965,4.1183592754626455
0.0001812799999999996,0.00908222073192536,2.0090783654918,4.1183138199171
0.0001822799999999996,0.009108335694685925,2.0091044425737103,4.118268979985712
0.0001832799999999996,0.009134091075949232,2.009130159966219,4.118224757483498
0.00018427999999999958,0.00915948585893693,2.009155516654047,4.1181811542006095
0.00018527999999999958,0.009184519041106471,2.0091805116361576,4.118138171902252
0.00018627999999999958,0.00920918963419068,2.009205143925793,4.118095812328602
0.00018727999999999958,0.009233496664236793,2.0092294125505132,4.118054077194749
0.00018827999999999957,0.00925743917164488,2.0092533165522353,4.118012968190605
0.00018927999999999957,0.009281016211205745,2.009276854987272,4.117972486980835
0.00019027999999999957,0.009304226852138237,2.0093000269263666,4.117932635204791
0.00019127999999999956,0.009327070178125995,2.009322831454733,4.11789341447643
0.00019227999999999956,0.00934954528735362,2.0093452676720873,4.117854826384255
0.00019327999999999956,0.009371651292542289,2.009367334692688,4.117816872491241
0.00019427999999999956,0.009393387320984766,2.0093890316453678,4.1177795543347635
0.00019527999999999955,0.009414752514579865,2.009410357673569,4.117742873426535
0.00019627999999999955,0.009435746029866325,2.0094313119353773,4.117706831252547
0.00019727999999999955,0.009456367038056114,2.0094518936035555,4.117671429272988
0.00019827999999999954,0.009476614725067133,2.009472101865576,4.117636668922197
0.00019927999999999954,0.00949648829155537,2.0094919359236534,4.117602551608584
0.00020027999999999954,0.009515986952946448,2.009511394994772,4.117569078714595
0.00020127999999999954,0.009535109939466603,2.0095304783107224,4.11753625159662
0.00020227999999999953,0.009553856496173073,2.0095491851181295,4.117504071584957
0.00020327999999999953,0.009572225882983895,2.009567514678483,4.117472539983741
0.00020427999999999953,0.009590217374707133,2.009585466268163,4.1174416580709
0.00020527999999999953,0.0096078302610695,2.0096030391784736,4.117411427098085
0.00020627999999999952,0.009625063846744402,2.0096202327156663,4.117381848290627
0.00020727999999999952,0.009641917451379382,2.0096370462009707,4.117352922847478
0.00020827999999999952,0.00965839040962299,2.00965347897062,4.117324651941158
0.00020927999999999951,0.009674482071151038,2.0096695303758785,4.117297036717707
0.0002102799999999995,0.009690191800692282,2.009685199783065,4.1172700782966345
0.0002112799999999995,0.009705518978053504,2.00970048657358,4.117243777770867
0.0002122799999999995,0.009720462998143982,2.0097153901439277,4.117218136206704
0.0002132799999999995,0.00973502327099939,2.009729909905741,4.117193154643773
0.0002142799999999995,0.00974919922180509,2.009744045285807,4.117168834094981
0.0002152799999999995,0.009762990290918816,2.009757795726086,4.11714517554647
0.0002162799999999995,0.009776395933892774,2.0097711606837336,4.117122179957576
0.0002172799999999995,0.009789415621495132,2.009784139631127,4.117099848260785
0.0002182799999999995,0.009802048839730917,2.0097967320558805,4.117078181361694
0.00021927999999999949,0.009814295089862307,2.0098089374608668,4.117057180138975
0.00022027999999999948,0.009826153888428314,2.009820755364239,4.117036845444324
0.00022127999999999948,0.009837624767263877,2.009832185299448,4.117017178102442
0.00022227999999999948,0.009848707273518338,2.009843226815261,4.1169981789109835
0.00022327999999999947,0.00985940096967333,2.009853879475778,4.1169798486405265
0.00022427999999999947,0.009869705433560036,2.009864142860452,4.116962188034548
0.00022527999999999947,0.00987962025837587,2.0098740165641025,4.116945197809376
0.00022627999999999947,0.009889145052700521,2.009883500196934,4.116928878654166
0.00022727999999999946,0.00989827944051142,2.00989259338455,4.116913231230876
0.00022827999999999946,0.009907023061198578,2.0099012957679694,4.116898256174225
0.00022927999999999946,0.00991537556957882,2.0099096070036357,4.116883954091678
0.00023027999999999946,0.009923336635909417,2.009917526763438,4.116870325563414
0.00023127999999999945,0.009930905945901103,2.009925054734719,4.116857371142297
0.00023227999999999945,0.009938083200730478,2.0099321906202876,4.116845091353857
0.00023327999999999945,0.009944868117051813,2.009938934138433,4.1168334866962635
0.00023427999999999944,0.009951260427008229,2.0099452850229325,4.116822557640313
0.00023527999999999944,0.009957259878242274,2.0099512430230657,4.116812304629392
0.00023627999999999944,0.009962866233905883,2.0099568079036234,4.1168027280794695
0.00023727999999999944,0.00996807927266974,2.0099619794449133,4.116793828379079
0.00023827999999999943,0.009972898788731997,2.0099667574427733,4.116785605889295
0.00023927999999999943,0.009977324591826412,2.009971141708578,4.116778060943722
0.00024027999999999943,0.009981356507229857,2.009975132069244,4.1167711938484794
0.00024127999999999942,0.009984994375769217,2.00997872836724,4.116765004882188
0.00024227999999999942,0.009988238053827671,2.009981930460593,4.116759494295952
0.00024327999999999942,0.009991087413350362,2.0099847382228897,4.116754662313358
0.00024427999999999944,0.009993542341849458,2.009987151543285,4.116750509130459
0.00024527999999999947,0.00999560274240858,2.009989170326508,4.116747034915771
0.0002462799999999995,0.009997268533686647,2.00999079449286,4.116744239810256
0.0002472799999999995,0.009998539649921069,2.0099920239782234,4.116742123927323
0.00024827999999999954,0.009999416040930355,2.0099928587340607,4.116740687352825
0.00024927999999999956,0.009999897672116086,2.0099932987274185,4.116739930145052
0.0002502799999999996,0.009999984524464291,2.0099933439409283,4.11673985233472
0.0002512799999999996,0.009999676594546186,2.0099929943728063,4.116740453924987
0.00025227999999999964,0.009998973894518317,2.009992250036853,4.116741734891445
0.00025327999999999966,0.009997876452122077,2.009991110962455,4.1167436951821115
0.0002542799999999997,0.009996384310682614,2.009989577194582,4.116746334717448
0.0002552799999999997,0.009994497529107117,2.009987648793786,4.116749653390351
0.00025627999999999974,0.009992216181882492,2.0099853258361984,4.116753651066163
0.00025727999999999976,0.00998954035907242,2.0099826084135257,4.116758327582677
0.0002582799999999998,0.009986470166313806,2.009979496633049,4.116763682750148
0.0002592799999999998,0.0099830057248126,2.0099759906176167,4.116769716351286
0.00026027999999999983,0.009979147171339024,2.009972090505641,4.116776428141286
0.00026127999999999986,0.009974894658222159,2.0099677964510936,4.116783817847825
0.0002622799999999999,0.009970248353343942,2.009963108623497,4.116791885171077
0.0002632799999999999,0.009965208440132538,2.009958027207919,4.116800629783731
0.00026427999999999993,0.009959775117555084,2.0099525524049677,4.116810051330996
0.00026527999999999995,0.009953948600109857,2.0099466844307794,4.116820149430627
0.00026628,0.009947729117817787,2.0099404235170124,4.1168309236729295
0.00026728,0.009941116916213386,2.0099337699108384,4.116842373620792
0.00026828,0.009934112256335052,2.009926723874931,4.116854498809693
0.00026928000000000005,0.009926715414714762,2.009919285687458,4.116867298747727
0.0002702800000000001,0.00991892668336716,2.009911455642067,4.116880772915623
0.0002712800000000001,0.00991074636977802,2.0099032340478744,4.116894920766775
0.0002722800000000001,0.009902174796892118,2.0098946212294573,4.116909741727255
0.00027328000000000015,0.009893212303100472,2.009885617526836,4.11692523519584
0.00027428000000000017,0.009883859242226992,2.009876223295462,4.1169414005440474
0.0002752800000000002,0.009874115983514509,2.0098664389062035,4.116958237116155
0.0002762800000000002,0.00986398291161019,2.0098562647453337,4.116975744229229
0.00027728000000000025,0.009853460426550366,2.0098457012145117,4.116993921173159
0.00027828000000000027,0.009842548943744726,2.0098347487307686,4.1170127672106815
0.0002792800000000003,0.009831248893959933,2.009823407726491,4.117032281577417
0.0002802800000000003,0.0098195607233026,2.0098116786494042,4.117052463481908
0.00028128000000000034,0.00980748489320169,2.009799561962552,4.117073312105641
0.00028228000000000037,0.009795021880390302,2.009787058144282,4.117094826603097
0.0002832800000000004,0.00978217217688684,2.009774167688225,4.117117006101775
0.0002842800000000004,0.009768936289975596,2.0097608911032747,4.117139849702239
0.00028528000000000044,0.009755314742186723,2.00974722891357,4.117163356478153
0.00028628000000000046,0.0097413080712756,2.00973318165847,4.117187525476328
0.0002872800000000005,0.009726916830201616,2.0097187498925377,4.1172123557167515
0.0002882800000000005,0.009712141587106324,2.0097039341855174,4.117237846192638
0.00028928000000000054,0.009696982925291024,2.0096887351223076,4.117263995870478
0.00029028000000000056,0.009681441443193729,2.009673153302943,4.117290803690068
0.0002912800000000006,0.009665517754365537,2.009657189342568,4.117318268564578
0.0002922800000000006,0.00964921248744642,2.0096408438714133,4.117346389380575
0.00029328000000000063,0.0096325262861404,2.0096241175347713,4.117375164998089
0.00029428000000000066,0.009615459809190126,2.0096070109929705,4.117404594250658
0.0002952800000000007,0.009598013730350892,2.0095895249213482,4.117434675945377
0.0002962800000000007,0.009580188738364016,2.0095716600102267,4.117465408862949
0.00029728000000000073,0.009561985536929659,2.0095534169648825,4.11749679175774
0.00029828000000000076,0.009543404844679044,2.0095347965055206,4.11752882335784
0.0002992800000000008,0.00952444739514609,2.009515799367246,4.1175615023651035
0.0003002800000000008,0.00950511393673844,2.009496426300035,4.117594827455216
0.00030128000000000083,0.009485405232707932,2.009476678068704,4.117628797277751
0.00030228000000000085,0.009465322061120449,2.0094565554528803,4.117663410456232
0.0003032800000000009,0.009444865214825222,2.0094360592469713,4.117698665588182
0.0003042800000000009,0.009424035501423513,2.0094151902601336,4.117734561245191
0.0003052800000000009,0.009402833743236739,2.00939394931624,4.117771095972981
0.00030628000000000095,0.009381260777274015,2.009372337253848,4.1178082682914665
0.000307280000000001,0.009359317455199094,2.0093503549261644,4.117846076694817
0.000308280000000001,0.00933700464329676,2.009328003201016,4.117884519651524
0.000309280000000001,0.009314323222438624,2.009305282960812,4.117923595604464
0.00031028000000000105,0.00929127408804834,2.0092821951025095,4.117963302970976
0.00031128000000000107,0.009267858150066269,2.009258740537578,4.118003640142923
0.0003122800000000011,0.009244076332913548,2.009234920191965,4.11804460548676
0.0003132800000000011,0.0092199295754556,2.0092107350060586,4.118086197343609
0.00031428000000000114,0.009195418830965056,2.0091861859346496,4.1181284140293295
0.00031528000000000117,0.00917054506708415,2.0091612739468934,4.1181712538345945
0.0003162800000000012,0.00914530926578648,2.009136000026275,4.118214715024959
0.0003172800000000012,0.009119712423338276,2.0091103651705655,4.118258795840942
0.00031828000000000124,0.009093755550259049,2.0090843703917876,4.118303494498095
0.00031928000000000127,0.009067439671281697,2.0090580167161707,4.118348809187087
0.0003202800000000013,0.009040765825312071,2.0090313051841138,4.118394738073782
0.0003212800000000013,0.00901373506538793,2.009004236850144,4.1184412792993115
0.00032228000000000134,0.008986348458637395,2.008976812782874,4.118488430980162
0.00032328000000000136,0.008958607086236805,2.0089490340649596,4.118536191208255
0.0003242800000000014,0.008930512043368042,2.0089209017930583,4.118584558051029
0.0003252800000000014,0.008902064439175293,2.0088924170777847,4.118633529551524
0.00032628000000000144,0.008873265396721263,2.008863581043668,4.118683103728464
0.00032728000000000146,0.008844116052942835,2.0088343948291074,4.118733278576344
0.0003282800000000015,0.008814617558606188,2.0088048595863244,4.118784052065523
0.0003292800000000015,0.008784771078261366,2.0087749764813214,4.118835422142299
0.00033028000000000153,0.008754577790196316,2.008744746693833,4.118887386729009
0.00033128000000000156,0.008724038886390346,2.008714171417281,4.11893994372411
0.0003322800000000016,0.00869315557246709,2.0086832518587263,4.118993091002283
0.0003332800000000016,0.008661929067646897,2.0086519892388206,4.119046826414508
0.00033428000000000163,0.008630360604698713,2.0086203847917603,4.11910114778817
0.00033528000000000166,0.008598451429891399,2.008588439765236,4.119156052927147
0.0003362800000000017,0.008566202802944541,2.0085561554203832,4.119211539611908
0.0003372800000000017,0.008533615996978711,2.0085235330317337,4.119267605599602
0.00033828000000000173,0.00850069229846521,2.008490573887165,4.119324248624166
0.00033928000000000175,0.008467433007175283,2.0084572792878483,4.119381466396408
0.0003402800000000018,0.008433839436128798,2.008423650548199,4.1194392566041245
0.0003412800000000018,0.008399912911542424,2.008389688995822,4.119497616912183
0.0003422800000000018,0.008365654772777259,2.008355395971463,4.11955654496263
0.00034328000000000185,0.008331066372285955,2.0083207728289536,4.119616038374795
0.0003442800000000019,0.008296149075559348,2.0082858209351566,4.119676094745386
0.0003452800000000019,0.008260904261072516,2.008250541669914,4.119736711648598
0.0003462800000000019,0.008225333320230392,2.0082149364259925,4.119797886636221
0.00034728000000000195,0.008189437657312816,2.0081790066090273,4.119859617237733
0.00034828000000000197,0.008153218689419088,2.008142753637467,4.119921900960421
0.000349280000000002,0.008116677846412049,2.008106178942517,4.1199847352894805
0.000350280000000002,0.008079816570861612,2.008069283968086,4.120048117688122
0.00035128000000000204,0.008042636317987819,2.0080320701707253,4.12011204559768
0.00035228000000000207,0.008005138555603393,2.0079945390195726,4.120176516437732
0.0003532800000000021,0.007967324764055785,2.0079566919962937,4.120241527606199
0.0003542800000000021,0.007929196436168736,2.0079185305950267,4.1203070764794605
0.00035528000000000214,0.007890755077183342,2.0078800563223185,4.120373160412468
0.00035628000000000217,0.007852002204698642,2.007841270697069,4.120439776738856
0.0003572800000000022,0.007812939348611683,2.0078021752504704,4.120506922771063
0.0003582800000000022,0.007773568051057133,2.007762771525944,4.120574595800434
0.00035928000000000224,0.007733889866346406,2.0077230610790826,4.120642793097355
0.00036028000000000226,0.007693906360906299,2.007683045477588,4.120711511911348
0.0003612800000000023,0.007653619113217142,2.007642726301208,4.12078074947121
0.0003622800000000023,0.007613029713750489,2.0076021051416766,4.120850502985116
0.00036328000000000234,0.007572139764906333,2.0075611836026477,4.120920769640744
0.00036428000000000236,0.007530950880949834,2.0075199632996354,4.120991546605398
0.0003652800000000024,0.0074894646879476124,2.007478445859948,4.121062831026126
0.0003662800000000024,0.007447682823703529,2.007436632922624,4.121134620029837
0.00036728000000000243,0.007405606937694041,2.0073945261383668,4.12120691072344
0.00036828000000000246,0.007363238691003081,2.007352127169482,4.121279700193946
0.0003692800000000025,0.0073205797562564835,2.0073094376898095,4.121352985508607
0.0003702800000000025,0.007277631817555952,2.0072664593846574,4.121426763715039
0.00037128000000000253,0.0072343965704125615,2.0072231939507366,4.121501031841345
0.00037228000000000255,0.007190875721679848,2.0071796430960935,4.121575786896239
0.0003732800000000026,0.007147070989486391,2.007135808540043,4.1216510258691805
0.0003742800000000026,0.007102984103168012,2.0070916920130997,4.121726745730496
0.00037528000000000263,0.0070586168031995,2.007047295256908,4.1218029434315175
0.00037628000000000265,0.007013970841125882,2.0070026200241777,4.1218796159047
0.0003772800000000027,0.006969047979493305,2.006957668078612,4.12195676006376
0.0003782800000000027,0.006923849991779411,2.0069124411948374,4.122034372803805
0.0003792800000000027,0.006878378662323377,2.006866941158335,4.122112451001463
0.00038028000000000275,0.006832635786255425,2.0068211697653693,4.12219099151502
0.0003812800000000028,0.006786623169425973,2.0067751288229174,4.122269991184549
0.0003822800000000028,0.00674034262833436,2.006728820148599,4.122349446832044
0.0003832800000000028,0.006693795990057089,2.006682245570602,4.12242935526156
0.00038428000000000285,0.006646985092175748,2.0066354069276113,4.122509713259344
0.00038528000000000287,0.006599911782704426,2.006588306068738,4.122590517593969
0.0003862800000000029,0.006552577920016785,2.006540944853444,4.12267176501648
0.0003872800000000029,0.006504985372772673,2.006493325151472,4.122753452260518
0.00038828000000000294,0.006457136019844363,2.006445448842765,4.1228355760424735
0.00038928000000000297,0.006409031750242377,2.0063973178173993,4.1229181330616145
0.000390280000000003,0.006360674463040908,2.0063489339755076,4.123001120000227
0.000391280000000003,0.006312066067302861,2.006300299227201,4.12308453352376
0.00039228000000000304,0.006263208482004464,2.0062514154924975,4.123168370280967
0.00039328000000000307,0.006214103635959529,2.006202284701244,4.12325262690404
0.0003942800000000031,0.006164753467743296,2.006152908793041,4.123337300008754
0.0003952800000000031,0.006115159925615902,2.006103289717167,4.1234223861946155
0.00039628000000000314,0.006065324967445479,2.006053429432499,4.123507882045005
0.00039728000000000316,0.00601525056063084,2.0060033299074367,4.12359378412731
0.0003982800000000032,0.0059649386820238275,2.0059529931198243,4.123680088993085
0.0003992800000000032,0.005914391317851259,2.005902421056873,4.123766793178183
0.00040028000000000324,0.005863610463636517,2.005851615715082,4.123853893202917
0.00040128000000000326,0.005812598124120786,2.0058005791001605,4.123941385572187
0.0004022800000000033,0.005761356313183875,2.0057493132269477,4.124029266775639
0.0004032800000000033,0.005709887053764742,2.005697820119334,4.124117533287815
0.00040428000000000333,0.005658192377781616,2.0056461018101803,4.12420618156829
0.00040528000000000336,0.005606274326051795,2.0055941603412375,4.1242952080618345
0.0004062800000000034,0.0055541349482110605,2.0055419977630677,4.124384609198546
0.0004072800000000034,0.005501776302632774,2.005489616134961,4.124474381394015
0.00040828000000000343,0.005449200456346609,2.0054370175248555,4.1245645210494715
0.00040928000000000345,0.005396409484956949,2.0053842040092547,4.124655024551925
0.0004102800000000035,0.005343405472560961,2.005331177673147,4.124745888274331
0.0004112800000000035,0.005290190511666291,2.005277940609923,4.124837108575734
0.0004122800000000035,0.005236766703108476,2.005224494921291,4.124928681801416
0.00041328000000000355,0.0051831361559680055,2.005170842717197,4.125020604283061
0.0004142800000000036,0.005129300987487043,2.0051169861157394,4.125112872338899
0.0004152800000000036,0.005075263322985869,2.0050629272430855,4.125205482273859
0.0004162800000000036,0.005021025295778941,2.0050086682333883,4.1252984303797335
0.00041728000000000365,0.004966589047090713,2.0049542112287013,4.125391712935322
0.00041828000000000367,0.004911956725971073,2.0048995583788956,4.125485326206589
0.0004192800000000037,0.0048571304892105,2.004844711841572,4.125579266446825
0.0004202800000000037,0.004802112501254957,2.00478967378198,4.125673529896794
0.00042128000000000375,0.004746904934120393,2.0047344463729284,4.125768112784897
0.00042228000000000377,0.004691509967307037,2.004679031794702,4.125863011327325
0.0004232800000000038,0.004635929787713325,2.004623432234975,4.125958221728214
0.0004242800000000038,0.004580166589549577,2.004567649888724,4.126053740179811
0.00042528000000000384,0.0045242225742513735,2.0045116869581414,4.126149562862625
0.00042628000000000387,0.004468099950392645,2.004455545652548,4.126245685945589
0.0004272800000000039,0.004411800933598492,2.0043992281883085,4.126342105586215
0.0004282800000000039,0.004355327746457693,2.004342736788741,4.126438817930751
0.00042928000000000394,0.00429868261843498,2.0042860736840304,4.126535819114356
0.00043028000000000396,0.004241867785783015,2.0042292411111395,4.126633105261241
0.000431280000000004,0.004184885491454104,2.0041722413137224,4.126730672484839
0.000432280000000004,0.004127737985011666,2.0041150765420346,4.126828516887966
0.00043328000000000404,0.0040704275225414,2.004057749052844,4.126926634562977
0.00043428000000000406,0.004012956366562232,2.0040002611093444,4.127025021591933
0.0004352800000000041,0.003955326785936989,2.0039426149810606,4.127123674046762
0.0004362800000000041,0.0038975410557828463,2.003884812943765,4.1272225879894116
0.00043728000000000413,0.00383960145738148,2.0038268572793836,4.127321759472027
0.00043828000000000416,0.0037815102780890276,2.003768750275909,4.1274211845371
0.0004392800000000042,0.0037232698112457784,2.003710494227307,4.12752085921764
0.0004402800000000042,0.0036648823560856366,2.003652091433427,4.127620779537338
0.00044128000000000423,0.0036063502176453643,2.003593544199912,4.12772094151072
0.00044228000000000426,0.00354767570667356,2.00353485483811,4.1278213411433216
0.0004432800000000043,0.0034888611395394497,2.003476025664975,4.127921974431846
0.0004442800000000043,0.003429908838141438,2.0034170590029845,4.128022837364336
0.00044528000000000433,0.0033708211298154366,2.0033579571800413,4.128123925920326
0.00044628000000000435,0.0033116003472430044,2.0032987225293866,4.128225236071014
0.0004472800000000044,0.0032522488283592316,2.003239357389503,4.128326763779432
0.0004482800000000044,0.0031927689162604567,2.0031798641040264,4.128428505000601
0.0004492800000000044,0.00313316295911176,2.003120245021651,4.128530455681702
0.00045028000000000445,0.0030734333100542756,2.0030605024960364,4.128632611762246
0.0004512800000000045,0.0030135823271122716,2.0030006388857164,4.128734969174226
0.0004522800000000045,0.0029536123731000673,2.0029406565540055,4.1288375238422965
0.0004532800000000045,0.002893525815528777,2.0028805578689046,4.128940271683939
0.00045428000000000455,0.002833325026512791,2.002820345203008,4.129043208609618
0.00045528000000000457,0.002773012382676191,2.002760020933409,4.129146330522959
0.0004562800000000046,0.0027125902650588815,2.002699587441608,4.129249633320909
0.0004572800000000046,0.0026520610590226013,2.002639047113417,4.129353112893909
0.00045828000000000465,0.0025914271541567758,2.0025784023388655,4.1294567651260525
0.00045928000000000467,0.0025306909441841293,2.0025176555121065,4.129560585895262
0.0004602800000000047,0.0024698548268662474,2.0024568090313206,4.129664571073452
0.0004612800000000047,0.0024089212039088656,2.0023958652986256,4.129768716526694
0.00046228000000000474,0.0023478924808670917,2.0023348267199763,4.129873018115392
0.00046328000000000477,0.002286771067050413,2.002273695705072,4.129977471694442
0.0004642800000000048,0.002225559375427578,2.002212474667261,4.130082073113407
0.0004652800000000048,0.0021642598225313733,2.0021511660234466,4.130186818216679
0.00046628000000000484,0.0021028748283631773,2.0020897721939903,4.130291702843652
0.00046728000000000486,0.00204140681629746,2.0020282956026167,4.130396722828889
0.0004682800000000049,0.001979858212986084,2.0019667386763174,4.1305018740022845
0.0004692800000000049,0.0019182314482625196,2.0019051038452553,4.130607152189246
0.00047028000000000494,0.0018565289550459157,2.0018433935426696,4.130712553210848
0.00047128000000000496,0.0017947531692450495,2.001781610204778,4.130818072884011
0.000472280000000005,0.0017329065296621752,2.0017197562706817,4.130923707021668
0.000473280000000005,0.001670991477896721,2.0016578341822697,4.131029451432925
0.00047428000000000503,0.001609010458248915,2.001595846384121,4.131135301923244
0.00047528000000000506,0.001546965917623285,2.0015337953234087,4.131241254294597
0.0004762800000000051,0.0014848603054320524,2.001471683449804,4.131347304345648
0.0004772800000000051,0.001422696073498454,2.001409513215378,4.131453447871911
0.00047828000000000513,0.0013604756759599196,2.0013472870745064,4.131559680665926
0.00047928000000000516,0.001298201569171206,2.0012850074837707,4.131665998517424
0.0004802800000000052,0.001235876211607414,2.0012226769018646,4.1317723972135
0.0004812800000000052,0.0011735020637669512,2.001160297789494,4.131878872538773
0.00048228000000000523,0.0011110815880743684,2.0010978726092805,4.1319854202755675
0.00048328000000000525,0.0010486172487831646,2.001035403825664,4.13209203620407
0.0004842800000000053,0.0009861115118784995,2.000972893904806,4.132198716102507
0.0004852800000000053,0.0009235668449798342,2.0009103453144927,4.132305455747306
0.0004862800000000053,0.0008609857172435331,2.000847760524036,4.132412250913273
0.00048728000000000535,0.0007983705992653546,2.000785142004178,4.132519097373751
0.0004882800000000054,0.0007357239629829554,2.0007224922269913,4.132625990900798
0.0004892800000000053,0.0006730482815782544,2.0006598136657825,4.132732927265346
0.0004902800000000054,0.0006103460293798399,2.0005971087949956,4.132839902237381
0.0004912800000000054,0.0005476196817652654,2.0005343800901128,4.1329469115861
0.0004922800000000054,0.00048487171506332534,2.000471630027557,4.133053951080085
0.0004932800000000054,0.00042210460645631244,2.0004088610845936,4.133161016487472
0.0004942800000000055,0.00035932083388219544,2.000346075739234,4.133268103576117
0.0004952800000000055,0.00029652287593681263,2.000283276470138,4.133375208113763
0.0004962800000000055,0.0002337132117760163,2.0002204657565144,4.133482325868209
0.0004972800000000055,0.00017089432101779573,2.0001576460780237,4.133589452607477
0.0004982800000000056,0.00010806868364440376,2.0000948199146795,4.133696584099984
0.0004992800000000056,4.523877990442474e-05,2.000031989746753,4.133803716114706
0.0005002800000000056,-1.7592909785123702e-05,1.9999691580546726,4.133910844421336
0.0005012800000000056,-8.042390493671772e-05,1.999906327318927,4.1340179647904725
0.0005022800000000057,-0.00014325172509025263,1.999843500019967,4.1341250729937675
0.0005032800000000057,-0.00020607388991097608,1.999780678638108,4.134232164804102
0.0005042800000000057,-0.0002688879192873675,1.9997178656534313,4.134339235995749
0.0005052800000000057,-0.0003316913334291199,1.999655063545687,4.134446282344547
0.0005062800000000058,-0.00039448165296497497,1.999592274794196,4.134553299628056
0.0005072800000000058,-0.0004572563990406317,1.9995295018777532,4.134660283625728
0.0005082800000000058,-0.0005200130934166116,1.9994667472745244,4.1347672301190785
0.0005092800000000058,-0.0005827492585660551,1.999404013461957,4.134874134891843
0.0005102800000000059,-0.0006454624177726015,1.999341302916676,4.13498099373015
0.0005112800000000059,-0.0007081500952281028,1.999278618114385,4.135087802422688
0.0005122800000000059,-0.0007708098161304006,1.9992159615297747,4.135194556760854
0.0005132800000000059,-0.0008334391067809865,1.9991533356364215,4.135301252538942
0.000514280000000006,-0.0008960354946827086,1.99909074290669,4.135407885554287
0.000515280000000006,-0.0009585965086373635,1.9990281858116337,4.135514451607446
0.000516280000000006,-0.0010211196788432377,1.998965666820902,4.1356209465023515
0.000517280000000006,-0.0010836025369926367,1.9989031884026378,4.135727366046479
0.000518280000000006,-0.0011460426163692912,1.9988407530233838,4.1358337060510095
0.0005192800000000061,-0.0012084374519457908,1.998778363147982,4.135939962330995
0.0005202800000000061,-0.0012707845804808596,1.99871602123948,4.13604613070552
0.0005212800000000061,-0.0013330815406166268,1.99865372975903,4.136152206997864
0.0005222800000000061,-0.0013953258729757809,1.9985914911657943,4.136258187035668
0.0005232800000000062,-0.0014575151202586415,1.9985293079168465,4.136364066651089
0.0005242800000000062,-0.0015196468273402197,1.9984671824670766,4.1364698416809675
0.0005252800000000062,-0.0015817185413671026,1.9984051172690922,4.136575507966994
0.0005262800000000062,-0.0016437278118543212,1.998343114773122,4.1366810613558584
0.0005272800000000063,-0.001705672190782032,1.9982811774269191,4.136786497699419
0.0005282800000000063,-0.001767549232692229,1.9982193076756656,4.136891812854865
0.0005292800000000063,-0.0018293564947852487,1.9981575079618734,4.13699700268487
0.0005302800000000063,-0.0018910915370162098,1.998095780725291,4.137102063057759
0.0005312800000000064,-0.00195275192219137,1.998034128402806,4.137206989847659
0.0005322800000000064,-0.00201433521606428,1.997972553428346,4.137311778934675
0.0005332800000000064,-0.0020758389874319548,1.9979110582327873,4.137416426205031
0.0005342800000000064,-0.0021372608082308106,1.997849645243856,4.137520927551237
0.0005352800000000065,-0.0021985982536325346,1.997788316886033,4.1376252788722505
0.0005362800000000065,-0.0022598489021398126,1.9977270755804588,4.1377294760736225
0.0005372800000000065,-0.0023210103356819107,1.9976659237448346,4.137833515067677
0.0005382800000000065,-0.0023820801397101627,1.9976048637933324,4.137937391773644
0.0005392800000000066,-0.0024430559032932735,1.997543898136495,4.138041102117833
0.0005402800000000066,-0.0025039352192125037,1.997483029181144,4.138144642033778
0.0005412800000000066,-0.0025647156840567075,1.9974222593302824,4.138248007462407
0.0005422800000000066,-0.002625394898317197,1.997361590983001,4.1383511943521825
0.0005432800000000067,-0.0026859704664824974,1.9973010265343831,4.138454198659274
0.0005442800000000067,-0.002746439997132899,1.9972405683754106,4.138557016347694
0.0005452800000000067,-0.0028068011030348765,1.9971802188928685,4.138659643389473
0.0005462800000000067,-0.0028670514012353156,1.9971199804692537,4.138762075764787
0.0005472800000000068,-0.0029271885131556116,1.9970598554826755,4.138864309462143
0.0005482800000000068,-0.0029872100646855583,1.9969998463067675,4.138966340478507
0.0005492800000000068,-0.003047113686277074,1.996939955310589,4.139068164819468
0.0005502800000000068,-0.003106897013037753,1.9968801848585367,4.13916977849939
0.0005512800000000069,-0.003166557684824214,1.9968205373102457,4.139271177541561
0.0005522800000000069,-0.003226093346335293,1.9967610150205009,4.139372357978345
0.0005532800000000069,-0.0032855016472050154,1.9967016203391403,4.139473315851338
0.0005542800000000069,-0.003344780242095386,1.9966423556109676,4.139574047211504
0.000555280000000007,-0.0034039267907889845,1.9965832231756517,4.139674548119351
0.000556280000000007,-0.0034629389582813337,1.9965242253676416,4.139774814645055
0.000557280000000007,-0.003521814414873112,1.996465364516071,4.139874842868621
0.000558280000000007,-0.0035805508362621026,1.9964066429446665,4.139974628880033
0.000559280000000007,-0.0036391459036349627,1.9963480629716566,4.140074168779396
0.0005602800000000071,-0.0036975973037587672,1.996289626909679,4.14017345867709
0.0005612800000000071,-0.003755902729072316,1.99623133706569,4.140272494693913
0.0005622800000000071,-0.0038140598777772574,1.9961731957408746,4.140371272961229
0.0005632800000000071,-0.0038720664539289395,1.9961152052305546,4.140469789621114
0.0005642800000000072,-0.003929920167527065,1.9960573678240965,4.140568040826502
0.0005652800000000072,-0.003987618734606073,1.9959996858048228,4.140666022741333
0.0005662800000000072,-0.004045159877325337,1.9959421614499226,4.14076373154069
0.0005672800000000072,-0.0041025413240590655,1.9958847970303595,4.140861163410956
0.0005682800000000073,-0.0041597608094859975,1.9958275948107833,4.140958314549943
0.0005692800000000073,-0.004216816074678826,1.995770557049441,4.141055181167044
0.0005702800000000073,-0.004273704867193367,1.9957136859980869,4.141151759483374
0.0005712800000000073,-0.004330424941157507,1.9956569839018943,4.141248045731908
0.0005722800000000074,-0.004386974057359845,1.9956004529993654,4.141344036157634
0.0005732800000000074,-0.004443349983338101,1.9955440955222443,4.141439727017681
0.0005742800000000074,-0.004499550493467253,1.9954879136954298,4.141535114581461
0.0005752800000000074,-0.004555573369047382,1.9954319097368844,4.141630195130818
0.0005762800000000075,-0.004611416398391294,1.9953760858575498,4.141724964960161
0.0005772800000000075,-0.004667077376911806,1.995320444261258,4.1418194203766
0.0005782800000000075,-0.004722554107208794,1.9952649871446455,4.141913557700091
0.0005792800000000075,-0.004777844399155945,1.995209716697066,4.142007373263565
0.0005802800000000076,-0.004832946069987186,1.995154635100502,4.142100863413076
0.0005812800000000076,-0.004887856944382917,1.995099744529482,4.142194024507927
0.0005822800000000076,-0.004942574854555835,1.9950450471509933,4.1422868529208134
0.0005832800000000076,-0.004997097640336547,1.9949905451243957,4.14237934503795
0.0005842800000000077,-0.005051423149258811,1.9949362406013365,4.142471497259217
0.0005852800000000077,-0.0051055492366445625,1.9948821357256665,4.142563305998284
0.0005862800000000077,-0.005159473765688554,1.9948282326333555,4.142654767682744
0.0005872800000000077,-0.005213194607542711,1.994774533452406,4.142745878754256
0.0005882800000000078,-0.005266709641400188,1.99472104030277,4.142836635668666
0.0005892800000000078,-0.005320016754579067,1.9946677552962668,4.142927034896145
0.0005902800000000078,-0.005373113842605799,1.9946146805364988,4.143017072921317
0.0005912800000000078,-0.005425998809298273,1.9945618181187679,4.143106746243389
0.0005922800000000078,-0.0054786695668485545,1.9945091701299917,4.143196051376286
0.0005932800000000079,-0.005531124035905328,1.9944567386486254,4.14328498484877
0.0005942800000000079,-0.005583360145655959,1.994404525744574,4.143373543204582
0.0005952800000000079,-0.00563537583390828,1.9943525334791148,4.143461723002558
0.0005962800000000079,-0.005687169047171989,1.994300763904815,4.143549520816758
0.000597280000000008,-0.005738737740739712,1.99424921906545,4.143636933236602
0.000598280000000008,-0.005790079878767728,1.994197900995922,4.1437239568669835
0.000599280000000008,-0.0058411934343563275,1.9941468117221826,4.143810588328402
0.000600280000000008,-0.005892076389629866,1.9940959532611495,4.143896824257087
0.0006012800000000081,-0.005942726735816388,1.9940453276206282,4.1439826613051185
0.0006022800000000081,-0.005993142473326968,1.9939949367992336,4.144068096140554
0.0006032800000000081,-0.006043321611834598,1.9939447827863113,4.144153125447546
0.0006042800000000081,-0.006093262170352817,1.9938948675618553,4.144237745926474
0.0006052800000000082,-0.006142962177313887,1.993845193096435,4.144321954294053
0.0006062800000000082,-0.006192419670646627,1.993795761351114,4.144405747283464
0.0006072800000000082,-0.006241632697853903,1.9937465742773748,4.144489121644465
0.0006082800000000082,-0.006290599316089648,1.9936976338170393,4.144572074143521
0.0006092800000000083,-0.006339317592235624,1.9936489419021945,4.144654601563913
0.0006102800000000083,-0.006387785602977709,1.9936005004551145,4.144736700705861
0.0006112800000000083,-0.006436001434881826,1.9935523113881857,4.144818368386642
0.0006122800000000083,-0.0064839631844695045,1.9935043766038314,4.144899601440698
0.0006132800000000084,-0.006531668958292975,1.9934566979944364,4.14498039671976
0.0006142800000000084,-0.006579116873009982,1.993409277442271,4.145060751092963
0.0006152800000000084,-0.0066263050554580954,1.9933621168194184,4.145140661446958
0.0006162800000000084,-0.00667323164272867,1.9933152179877003,4.145220124686025
0.0006172800000000085,-0.006719894782240395,1.993268582798604,4.145299137732183
0.0006182800000000085,-0.0067662926318124185,1.9932222130932078,4.145377697525313
0.0006192800000000085,-0.006812423359737085,1.9931761107021089,4.145455801023254
0.0006202800000000085,-0.006858285144852248,1.993130277445352,4.145533445201927
0.0006212800000000086,-0.00690387617661316,1.9930847151323572,4.145610627055441
0.0006222800000000086,-0.006949194655163944,1.9930394255618473,4.1456873435961965
0.0006232800000000086,-0.006994238791408671,1.9929944105217778,4.145763591855002
0.0006242800000000086,-0.007039006807081968,1.9929496717892663,4.145839368881179
0.0006252800000000087,-0.0070834969348192315,1.992905211130523,4.145914671742666
0.0006262800000000087,-0.0071277074182264,1.9928610303007792,4.1459894975261316
0.0006272800000000087,-0.0071716365119492845,1.9928171310442198,4.146063843337071
0.0006282800000000087,-0.007215282481742485,1.9927735150939139,4.1461377062999185
0.0006292800000000087,-0.00725864360453785,1.992730184171745,4.146211083558149
0.0006302800000000088,-0.007301718168512497,1.9926871399883452,4.146283972274382
0.0006312800000000088,-0.007344504473156397,1.992644384243026,4.146356369630483
0.0006322800000000088,-0.007387000829339499,1.992601918623712,4.146428272827663
0.0006332800000000088,-0.007429205559378431,1.9925597448068746,4.146499679086589
0.0006342800000000089,-0.007471116997102716,1.992517864457465,4.146570585647471
0.0006352800000000089,-0.00751273348792056,1.992476279228848,4.146640989770177
0.0006362800000000089,-0.007554053388884158,1.9924349907627388,4.146710888734312
0.0006372800000000089,-0.007595075068754576,1.9923940006891365,4.146780279839336
0.000638280000000009,-0.007635796908066127,1.99235331062626,4.146849160404652
0.000639280000000009,-0.007676217299190324,1.9923129221804845,4.146917527769699
0.000640280000000009,-0.0077163346463993525,1.9922728369462772,4.1469853792940565
0.000641280000000009,-0.007756147365929008,1.992233056506136,4.1470527123575325
0.0006422800000000091,-0.0077956538860413154,1.9921935824305257,4.147119524360258
0.0006432800000000091,-0.007834852647086494,1.9921544162778162,4.147185812722789
0.0006442800000000091,-0.007873742101564581,1.9921155595942215,4.147251574886184
0.0006452800000000091,-0.007912320714186514,1.992077013913738,4.147316808312111
0.0006462800000000092,-0.007950586961934706,1.9920387807580846,4.147381510482929
0.0006472800000000092,-0.00798853933412323,1.9920008616366411,4.147445678901787
0.0006482800000000092,-0.008026176332457408,1.9919632580463913,4.147509311092697
0.0006492800000000092,-0.008063496471092998,1.9919259714718613,4.147572404600644
0.0006502800000000093,-0.008100498276694833,1.9918890033850627,4.147634956991657
0.0006512800000000093,-0.00813718028849497,1.9918523552454326,4.147696965852908
0.0006522800000000093,-0.008173541058350407,1.9918160284997781,4.1477584287927876
0.0006532800000000093,-0.008209579150800199,1.9917800245822181,4.147819343440998
0.0006542800000000094,-0.008245293143122175,1.991744344914127,4.1478797074486335
0.0006552800000000094,-0.008280681625389062,1.9917089909040775,4.147939518488269
0.0006562800000000094,-0.008315743200524172,1.9916739639477872,4.147998774254041
0.0006572800000000094,-0.008350476484356564,1.99163926542806,4.148057472461726
0.0006582800000000095,-0.008384880105675655,1.9916048967147366,4.148115610848826
0.0006592800000000095,-0.008418952706285392,1.9915708591646355,4.148173187174649
0.0006602800000000095,-0.008452692941057839,1.9915371541215023,4.148230199220389
0.0006612800000000095,-0.0084860994779863,1.9915037829159554,4.148286644789202
0.0006622800000000095,-0.008519170998237903,1.9914707468654342,4.148342521706288
0.0006632800000000096,-0.008551906196205647,1.991438047274146,4.148397827818968
0.0006642800000000096,-0.00858430377955998,1.991405685433015,4.148452560996757
0.0006652800000000096,-0.008616362469299779,1.9913736626196334,4.148506719131444
0.0006662800000000096,-0.00864808099980286,1.9913419800982082,4.148560300137161
0.0006672800000000097,-0.008679458118875959,1.9913106391195121,4.148613301950467
0.0006682800000000097,-0.008710492587804134,1.9912796409208346,4.148665722530409
0.0006692800000000097,-0.0087411831813997,1.9912489867259322,4.148717559858608
0.0006702800000000097,-0.008771528688050567,1.9912186777449805,4.148768811939317
0.0006712800000000098,-0.008801527909768087,1.991188715174528,4.148819476799501
0.0006722800000000098,-0.008831179662234363,1.991159100197447,4.148869552488904
0.0006732800000000098,-0.008860482774848978,1.9911298339828862,4.14891903708012
0.0006742800000000098,-0.00888943609077521,1.9911009176862273,4.148967928668652
0.0006752800000000099,-0.00891803846698574,1.9910723524490377,4.149016225372998
0.0006762800000000099,-0.008946288774307714,1.9910441393990248,4.149063925334696
0.0006772800000000099,-0.008974185897467383,1.9910162796499922,4.149111026718407
0.0006782800000000099,-0.009001728735134088,1.9909887743017969,4.149157527711968
0.00067928000000001,-0.009028916199963754,1.9909616244403034,4.149203426526468
0.00068028000000001,-0.00905574721864183,1.9909348311373427,4.149248721396297
0.00068128000000001,-0.009082220731925631,1.9909083954506699,4.149293410579223
0.00068228000000001,-0.009108335694686196,1.9908823184239224,4.149337492356436
0.0006832800000000101,-0.0091340910759495,1.9908566010865774,4.149380965032628
0.0006842800000000101,-0.009159485858937194,1.9908312444539114,4.149423826936043
0.0006852800000000101,-0.009184519041106731,1.990806249526963,4.14946607641853
0.0006862800000000101,-0.009209189634190937,1.9907816172924895,4.149507711855613
0.0006872800000000102,-0.009233496664237048,1.9907573487229315,4.149548731646543
0.0006882800000000102,-0.009257439171645133,1.9907334447763707,4.149589134214355
0.0006892800000000102,-0.009281016211205993,1.990709906396495,4.149628918005917
0.0006902800000000102,-0.009304226852138482,1.9906867345125607,4.149668081491999
0.0006912800000000103,-0.009327070178126234,1.9906639300393554,4.1497066231673125
0.0006922800000000103,-0.009349545287353862,1.9906414938771613,4.149744541550572
0.0006932800000000103,-0.009371651292542525,1.9906194269117208,4.149781835184544
0.0006942800000000103,-0.009393387320984997,1.9905977300142017,4.149818502636095
0.0006952800000000104,-0.009414752514580092,1.9905764040411615,4.149854542496253
0.0006962800000000104,-0.009435746029866549,1.9905554498345124,4.149889953380247
0.0006972800000000104,-0.009456367038056338,1.9905348682214938,4.149924733927552
0.0006982800000000104,-0.009476614725067351,1.9905146600146326,4.149958882801953
0.0006992800000000104,-0.009496488291555581,1.9904948260117152,4.149992398691576
0.0007002800000000105,-0.009515986952946658,1.9904753669957556,4.150025280308942
0.0007012800000000105,-0.009535109939466808,1.9904562837349635,4.150057526391006
0.0007022800000000105,-0.009553856496173277,1.990437576982714,4.150089135699213
0.0007032800000000105,-0.009572225882984096,1.9904192474775186,4.150120107019531
0.0007042800000000106,-0.00959021737470733,1.9904012959429964,4.150150439162493
0.0007052800000000106,-0.009607830261069693,1.9903837230878445,4.1501801309632445
0.0007062800000000106,-0.009625063846744589,1.9903665296058097,4.150209181281586
0.0007072800000000106,-0.009641917451379569,1.9903497161756627,4.150237589002001
0.0007082800000000107,-0.00965839040962317,1.99033328346117,4.150265353033711
0.0007092800000000107,-0.009674482071151213,1.9903172321110683,4.150292472310701
0.0007102800000000107,-0.009690191800692456,1.9903015627590381,4.1503189457917635
0.0007112800000000107,-0.009705518978053674,1.9902862760236797,4.150344772460536
0.0007122800000000108,-0.009720462998144148,1.9902713725084882,4.150369951325526
0.0007132800000000108,-0.009735023270999552,1.99025685280183,4.150394481420162
0.0007142800000000108,-0.009749199221805248,1.9902427174769197,4.15041836180281
0.0007152800000000108,-0.009762990290918969,1.9902289670917972,4.150441591556822
0.0007162800000000109,-0.009776395933892923,1.9902156021893045,4.150464169790559
0.0007172800000000109,-0.00978941562149528,1.990202623297066,4.150486095637426
0.0007182800000000109,-0.00980204883973106,1.9901900309274676,4.150507368255896
0.0007192800000000109,-0.009814295089862446,1.9901778255776352,4.150527986829549
0.000720280000000011,-0.009826153888428448,1.9901660077294172,4.150547950567091
0.000721280000000011,-0.009837624767264005,1.9901545778493623,4.15056725870239
0.000722280000000011,-0.009848707273518465,1.990143536388704,4.150585910494498
0.000723280000000011,-0.009859400969673452,1.9901328837833412,4.150603905227678
0.0007242800000000111,-0.009869705433560154,1.9901226204538218,4.150621242211426
0.0007252800000000111,-0.009879620258375982,1.9901127468053246,4.150637920780506
0.0007262800000000111,-0.00988914505270063,1.9901032632276454,4.150653940294955
0.0007272800000000111,-0.009898279440511524,1.9900941700951817,4.150669300140121
0.0007282800000000112,-0.009907023061198677,1.9900854677669164,4.150683999726678
0.0007292800000000112,-0.009915375569578916,1.9900771565864022,4.150698038490648
0.0007302800000000112,-0.009923336635909509,1.9900692368817516,4.150711415893421
0.0007312800000000112,-0.00993090594590119,1.9900617089656223,4.150724131421772
0.0007322800000000113,-0.009938083200730561,1.9900545731352055,4.1507361845878785
0.0007332800000000113,-0.00994486811705189,1.9900478296722122,4.150747574929339
0.0007342800000000113,-0.009951260427008302,1.9900414788428633,4.150758302009193
0.0007352800000000113,-0.009957259878242341,1.99003552089788,4.15076836541593
0.0007362800000000113,-0.00996286623390595,1.9900299560724724,4.150777764763504
0.0007372800000000114,-0.0099680792726698,1.990024784586332,4.1507864996913515
0.0007382800000000114,-0.009972898788732051,1.9900200066436218,4.150794569864402
0.0007392800000000114,-0.009977324591826462,1.9900156224329675,4.150801974973086
0.0007402800000000114,-0.009981356507229904,1.9900116321274501,4.150808714733358
0.0007412800000000115,-0.009984994375769258,1.9900080358846026,4.150814788886684
0.0007422800000000115,-0.009988238053827708,1.9900048338463987,4.150820197200077
0.0007432800000000115,-0.009991087413350395,1.9900020261392508,4.150824939466084
0.0007442800000000115,-0.009993542341849484,1.9899996128740038,4.150829015502804
0.0007452800000000116,-0.009995602742408604,1.9899975941459302,4.150832425153892
0.0007462800000000116,-0.009997268533686666,1.9899959700347274,4.1508351682885625
0.0007472800000000116,-0.009998539649921083,1.9899947406045129,4.1508372448016
0.0007482800000000116,-0.009999416040930362,1.9899939059038239,4.150838654613355
0.0007492800000000117,-0.00999989767211609,1.989993465965614,4.150839397669749
0.0007502800000000117,-0.00999998452446429,1.9899934208072518,4.150839473942284
0.0007512800000000117,-0.009999676594546179,1.9899937704305224,4.150838883428028
0.0007522800000000117,-0.009998973894518304,1.989994514821623,4.150837626149631
0.0007532800000000118,-0.009997876452122061,1.9899956539511678,4.150835702155315
0.0007542800000000118,-0.009996384310682593,1.9899971877741867,4.150833111518876
0.0007552800000000118,-0.009994497529107091,1.9899991162301287,4.150829854339679
0.0007562800000000118,-0.009992216181882462,1.9900014392428629,4.150825930742655
0.0007572800000000119,-0.009989540359072386,1.9900041567206812,4.150821340878298
0.0007582800000000119,-0.009986470166313766,1.990007268556304,4.150816084922658
0.0007592800000000119,-0.009983005724812557,1.990010774626882,4.150810163077341
0.0007602800000000119,-0.009979147171338975,1.9900146747940026,4.150803575569489
0.000761280000000012,-0.009974894658222105,1.9900189689036953,4.150796322651788
0.000762280000000012,-0.009970248353343885,1.9900236567864373,4.150788404602443
0.000763280000000012,-0.009965208440132474,1.9900287382571598,4.150779821725183
0.000764280000000012,-0.009959775117555017,1.9900342131152555,4.150770574349245
0.000765280000000012,-0.009953948600109784,1.9900400811445882,4.150760662829354
0.0007662800000000121,-0.00994772911781771,1.9900463421134986,4.150750087545725
0.0007672800000000121,-0.009941116916213305,1.9900529957748159,4.150738848904039
0.0007682800000000121,-0.009934112256334966,1.9900600418658663,4.150726947335433
0.0007692800000000122,-0.009926715414714671,1.990067480108483,4.150714383296487
0.0007702800000000122,-0.009918926683367062,1.9900753102090174,4.150701157269204
0.0007712800000000122,-0.009910746369777918,1.9900835318583523,4.150687269760995
0.0007722800000000122,-0.00990217479689201,1.9900921447319118,4.150672721304662
0.0007732800000000122,-0.009893212303100361,1.9901011484896758,4.150657512458377
0.0007742800000000123,-0.009883859242226877,1.9901105427761927,4.150641643805665
0.0007752800000000123,-0.009874115983514389,1.9901203272205932,4.150625115955383
0.0007762800000000123,-0.009863982911610067,1.9901305014366049,4.150607929541699
0.0007772800000000123,-0.009853460426550236,1.9901410650225682,4.150590085224067
0.0007782800000000124,-0.009842548943744592,1.990152017561452,4.150571583687209
0.0007792800000000124,-0.009831248893959794,1.99016335862087,4.15055242564109
0.0007802800000000124,-0.009819560723302456,1.9901750877530973,4.150532611820886
0.0007812800000000124,-0.009807484893201544,1.9901872044950892,4.15051214298697
0.0007822800000000125,-0.009795021880390149,1.990199708368499,4.150491019924875
0.0007832800000000125,-0.009782172176886683,1.9902125988796961,4.150469243445272
0.0007842800000000125,-0.009768936289975433,1.9902258755197864,4.150446814383943
0.0007852800000000125,-0.009755314742186555,1.9902395377646314,4.150423733601746
0.0007862800000000126,-0.00974130807127543,1.9902535850748702,4.150400001984594
0.0007872800000000126,-0.00972691683020144,1.9902680168959401,4.15037562044341
0.0007882800000000126,-0.009712141587106144,1.990282832658099,4.150350589914112
0.0007892800000000126,-0.009696982925290839,1.9902980317764476,4.150324911357563
0.0007902800000000127,-0.009681441443193538,1.9903136136509507,4.150298585759557
0.0007912800000000127,-0.009665517754365345,1.9903295776664642,4.150271614130763
0.0007922800000000127,-0.009649212487446221,1.9903459231927572,4.150243997506707
0.0007932800000000127,-0.009632526286140196,1.9903626495845368,4.150215736947729
0.0007942800000000128,-0.009615459809189918,1.9903797561814756,4.150186833538941
0.0007952800000000128,-0.00959801373035068,1.9903972423082357,4.150157288390198
0.0007962800000000128,-0.0095801887383638,1.9904151072744949,4.150127102636054
0.0007972800000000128,-0.009561985536929433,1.990433350374976,4.1500962774357255
0.0007982800000000129,-0.009543404844678818,1.9904519708894741,4.150064813973045
0.0007992800000000129,-0.009524447395145857,1.9904709680828838,4.150032713456427
0.0008002800000000129,-0.009505113936738205,1.9904903412052304,4.149999977118816
0.0008012800000000129,-0.00948540523270769,1.990510089491697,4.149966606217655
0.000802280000000013,-0.009465322061120203,1.9905302121626562,4.149932602034832
0.000803280000000013,-0.009444865214824972,1.9905507084237006,4.14989796587664
0.000804280000000013,-0.009424035501423258,1.9905715774656734,4.149862699073731
0.000805280000000013,-0.009402833743236482,1.9905928184647022,4.149826802981065
0.000806280000000013,-0.009381260777273753,1.9906144305822302,4.149790278977864
0.0008072800000000131,-0.009359317455198825,1.9906364129650482,4.149753128467571
0.0008082800000000131,-0.00933700464329649,1.99065876474533,4.149715352877793
0.0008092800000000131,-0.009314323222438347,1.990681485040668,4.149676953660245
0.0008102800000000131,-0.009291274088048059,1.9907045729541046,4.149637932290714
0.0008112800000000132,-0.009267858150065983,1.9907280275741688,4.149598290268999
0.0008122800000000132,-0.009244076332913256,1.9907518479749147,4.149558029118853
0.0008132800000000132,-0.009219929575455307,1.990776033215954,4.1495171503879416
0.0008142800000000132,-0.00919541883096476,1.9908005823424955,4.149475655647778
0.0008152800000000133,-0.00917054506708385,1.9908254943853831,4.149433546493674
0.0008162800000000133,-0.009145309265786173,1.9908507683611338,4.149390824544679
0.0008172800000000133,-0.009119712423337964,1.9908764032719748,4.149347491443526
0.0008182800000000133,-0.009093755550258733,1.990902398105885,4.149303548856573
0.0008192800000000134,-0.009067439671281378,1.9909287518366343,4.149258998473746
0.0008202800000000134,-0.009040765825311744,1.9909554634238227,4.149213842008476
0.0008212800000000134,-0.009013735065387602,1.9909825318129237,4.149168081197642
0.0008222800000000134,-0.00898634845863706,1.9910099559353247,4.1491217178015045
0.0008232800000000135,-0.008958607086236468,1.99103773470837,4.149074753603649
0.0008242800000000135,-0.008930512043367702,1.9910658670354024,4.1490271904109175
0.0008252800000000135,-0.008902064439174946,1.9910943518058062,4.148979030053356
0.0008262800000000135,-0.008873265396720915,1.9911231878950526,4.1489302743841305
0.0008272800000000136,-0.008844116052942478,1.9911523741647437,4.148880925279482
0.0008282800000000136,-0.008814617558605829,1.991181909462656,4.1488309846386455
0.0008292800000000136,-0.008784771078261004,1.9912117926227884,4.148780454383788
0.0008302800000000136,-0.008754577790195946,1.9912420224654053,4.148729336459942
0.0008312800000000137,-0.008724038886389975,1.9912725977970858,4.148677632834935
0.0008322800000000137,-0.008693155572466712,1.9913035174107692,4.14862534549932
0.0008332800000000137,-0.008661929067646519,1.9913347800858034,4.148572476466302
0.0008342800000000137,-0.00863036060469833,1.9913663845879925,4.1485190277716715
0.0008352800000000138,-0.00859845142989101,1.9913983296696454,4.148465001473729
0.0008362800000000138,-0.008566202802944149,1.9914306140696256,4.148410399653218
0.0008372800000000138,-0.008533615996978314,1.9914632365134024,4.148355224413237
0.0008382800000000138,-0.00850069229846481,1.9914961957130992,4.148299477879178
0.0008392800000000139,-0.00846743300717488,1.9915294903675438,4.148243162198647
0.0008402800000000139,-0.00843383943612839,1.9915631191623209,4.148186279541392
0.0008412800000000139,-0.008399912911542014,1.9915970807698244,4.148128832099211
0.0008422800000000139,-0.008365654772776841,1.9916313738493097,4.148070822085892
0.000843280000000014,-0.008331066372285539,1.991665997046945,4.148012251737128
0.000844280000000014,-0.008296149075558923,1.9917009489958672,4.147953123310427
0.000845280000000014,-0.008260904261072087,1.9917362283162345,4.147893439085045
0.000846280000000014,-0.008225333320229964,1.9917718336152812,4.147833201361901
0.000847280000000014,-0.008189437657312379,1.9918077634873714,4.147772412463495
0.0008482800000000141,-0.008153218689418651,1.991844016514057,4.147711074733819
0.0008492800000000141,-0.008116677846411601,1.9918805912641318,4.1476491905382815
0.0008502800000000141,-0.008079816570861164,1.9919174862936875,4.147586762263621
0.0008512800000000141,-0.008042636317987371,1.9919547001461724,4.147523792317817
0.0008522800000000142,-0.008005138555602939,1.9919922313524496,4.147460283130007
0.0008532800000000142,-0.007967324764055327,1.9920300784308522,4.1473962371503985
0.0008542800000000142,-0.007929196436168268,1.992068239887243,4.147331656850183
0.0008552800000000142,-0.007890755077182876,1.9921067142150748,4.147266544721443
0.0008562800000000143,-0.007852002204698175,1.9921454998954478,4.147200903277072
0.0008572800000000143,-0.007812939348611209,1.9921845953971697,4.147134735050673
0.0008582800000000143,-0.0077735680510566535,1.9922239991768191,4.147068042596474
0.0008592800000000143,-0.007733889866345922,1.9922637096788034,4.1470008284892375
0.0008602800000000144,-0.007693906360905814,1.9923037253354203,4.146933095324163
0.0008612800000000144,-0.007653619113216657,1.9923440445669225,4.146864845716798
0.0008622800000000144,-0.007613029713749997,1.9923846657815767,4.1467960823029415
0.0008632800000000144,-0.007572139764905834,1.9924255873757275,4.146726807738552
0.0008642800000000145,-0.007530950880949332,1.9924668077338608,4.146657024699649
0.0008652800000000145,-0.00748946468794711,1.9925083252286695,4.146586735882218
0.0008662800000000145,-0.007447682823703026,1.9925501382211148,4.146515944002113
0.0008672800000000145,-0.007405606937693531,1.992592245060493,4.146444651794961
0.0008682800000000146,-0.007363238691002566,1.9926346440844984,4.1463728620160545
0.0008692800000000146,-0.007320579756255964,1.9926773336192916,4.146300577440269
0.0008702800000000146,-0.007277631817555433,1.9927203119795636,4.146227800861946
0.0008712800000000146,-0.007234396570412044,1.9927635774686037,4.146154535094798
0.0008722800000000147,-0.007190875721679321,1.9928071283783664,4.14608078297181
0.0008732800000000147,-0.007147070989485859,1.9928509629895368,4.146006547345134
0.0008742800000000147,-0.007102984103167476,1.9928950795715996,4.145931831085987
0.0008752800000000147,-0.007058616803198962,1.99293947638291,4.145856637084545
0.0008762800000000148,-0.007013970841125348,1.9929841516707585,4.145780968249841
0.0008772800000000148,-0.006969047979492754,1.9930291036714427,4.145704827509657
0.0008782800000000148,-0.006923849991778864,1.9930743306103356,4.14562821781042
0.0008792800000000148,-0.006878378662322824,1.993119830701956,4.145551142117093
0.0008802800000000148,-0.00683263578625487,1.9931656021500392,4.145473603413071
0.0008812800000000149,-0.006786623169425417,1.9932116431476081,4.145395604700066
0.0008822800000000149,-0.006740342628333793,1.9932579518770435,4.145317148998007
0.0008832800000000149,-0.006693795990056526,1.9933045265101572,4.1452382393449225
0.0008842800000000149,-0.006646985092175178,1.9933513652082644,4.145158878796831
0.000885280000000015,-0.00659991178270386,1.9933984661222532,4.145079070427634
0.000886280000000015,-0.006552577920016213,1.9934458273926627,4.144998817329001
0.000887280000000015,-0.006504985372772094,1.9934934471497514,4.144918122610256
0.000888280000000015,-0.006457136019843783,1.9935413235135742,4.144836989398264
0.0008892800000000151,-0.006409031750241791,1.9935894545940553,4.144755420837321
0.0008902800000000151,-0.006360674463040326,1.9936378384910636,4.144673420089033
0.0008912800000000151,-0.006312066067302272,1.993686473294485,4.144590990332209
0.0008922800000000151,-0.00626320848200387,1.9937353570843035,4.144508134762732
0.0008932800000000152,-0.006214103635958935,1.9937844879306716,4.144424856593455
0.0008942800000000152,-0.006164753467742696,1.9938338638939888,4.144341159054073
0.0008952800000000152,-0.006115159925615306,1.9938834830249774,4.144257045391013
0.0008962800000000152,-0.006065324967444876,1.9939333433647601,4.144172518867314
0.0008972800000000153,-0.006015250560630231,1.9939834429449375,4.144087582762495
0.0008982800000000153,-0.005964938682023219,1.9940337797876642,4.144002240372455
0.0008992800000000153,-0.005914391317850644,1.9940843519057292,4.143916495009337
0.0009002800000000153,-0.0058636104636359074,1.994135157302633,4.143830350001406
0.0009012800000000154,-0.0058125981241201686,1.9941861939726666,4.143743808692937
0.0009022800000000154,-0.0057613563131832515,1.994237459900992,4.1436568744440825
0.0009032800000000154,-0.00570988705376412,1.9942889530637182,4.143569550630755
0.0009042800000000154,-0.005658192377780991,1.994340671427984,4.143481840644496
0.0009052800000000155,-0.005606274326051171,1.9943926129520382,4.143393747892359
0.0009062800000000155,-0.00555413494821043,1.9944447755853192,4.143305275796777
0.0009072800000000155,-0.005501776302632136,1.9944971572685373,4.143216427795441
0.0009082800000000155,-0.005449200456345973,1.9945497559337544,4.143127207341163
0.0009092800000000156,-0.005396409484956311,1.9946025695044665,4.143037617901763
0.0009102800000000156,-0.005343405472560315,1.9946555958956846,4.142947662959935
0.0009112800000000156,-0.005290190511665647,1.9947088330140188,4.1428573460131135
0.0009122800000000156,-0.005236766703107827,1.9947622787577608,4.142766670573343
0.0009132800000000157,-0.005183136155967358,1.9948159310169649,4.142675640167159
0.0009142800000000157,-0.005129300987486392,1.9948697876735317,4.142584258335448
0.0009152800000000157,-0.0050752633229852115,1.994923846601295,4.142492528633315
0.0009162800000000157,-0.00502102529577829,1.994978105666102,4.142400454629959
0.0009172800000000157,-0.004966589047090055,1.9950325627258987,4.142308039908531
0.0009182800000000158,-0.0049119567259704126,1.995087215630814,4.142215288066012
0.0009192800000000158,-0.004857130489209837,1.9951420622232454,4.142122202713067
0.0009202800000000158,-0.004802112501254288,1.9951971003379456,4.142028787473921
0.0009212800000000158,-0.004746904934119729,1.9952523278021048,4.141935045986212
0.0009222800000000159,-0.004691509967306369,1.9953077424354393,4.141840981900869
0.0009232800000000159,-0.004635929787712657,1.9953633420502745,4.1417465988819675
0.0009242800000000159,-0.004580166589548902,1.995419124451634,4.141651900606595
0.0009252800000000159,-0.0045242225742506935,1.9954750874373242,4.141556890764711
0.000926280000000016,-0.004468099950391971,1.9955312287980242,4.141461573059012
0.000927280000000016,-0.0044118009335978115,1.995587546317371,4.141365951204792
0.000928280000000016,-0.004355327746457015,1.9956440377720455,4.141270028929802
0.000929280000000016,-0.004298682618434288,1.9957007009318628,4.1411738099741155
0.0009302800000000161,-0.0042418677857823245,1.99575753355986,4.141077298089978
0.0009312800000000161,-0.00418488549145342,1.995814533412383,4.140980497041676
0.0009322800000000161,-0.004127737985010976,1.9958716982391767,4.140883410605393
0.0009332800000000161,-0.004070427522540711,1.9959290257834723,4.140786042569065
0.0009342800000000162,-0.004012956366561528,1.9959865137820778,4.140688396732239
0.0009352800000000162,-0.003955326785936293,1.9960441599654668,4.140590476905931
0.0009362800000000162,-0.0038975410557821524,1.996101962057867,4.140492286912484
0.0009372800000000162,-0.00383960145738078,1.9961599177773524,4.14039383058542
0.0009382800000000163,-0.00378151027808833,1.9962180248359311,4.140295111769302
0.0009392800000000163,-0.0037232698112450668,1.9962762809396375,4.140196134319574
0.0009402800000000163,-0.0036648823560849315,1.9963346837886213,4.140096902102436
0.0009412800000000163,-0.0036063502176446618,1.9963932310772392,4.139997418994685
0.0009422800000000164,-0.003547675706672851,1.9964519204941453,4.1398976888835675
0.0009432800000000164,-0.0034888611395387436,1.9965107497223835,4.1397977156666395
0.0009442800000000164,-0.003429908838140717,1.9965697164394773,4.139697503251615
0.0009452800000000164,-0.0033708211298147227,1.996628818317523,4.139597055556216
0.0009462800000000165,-0.003311600347242285,1.996688053023281,4.139496376508027
0.0009472800000000165,-0.0032522488283585143,1.9967474182182665,4.139395470044349
0.0009482800000000165,-0.003192768916259734,1.9968069115588454,4.139294340112039
0.0009492800000000165,-0.0031331629591110355,1.9968665306963225,4.139192990667372
0.0009502800000000165,-0.0030734333100535544,1.996926273277038,4.1390914256758835
0.0009512800000000166,-0.0030135823271115443,1.9969861369424589,4.138989649112222
0.0009522800000000166,-0.0029536123730993474,1.997046119329271,4.1388876649599915
0.0009532800000000166,-0.002893525815528047,1.9971062180694723,4.138785477211612
0.0009542800000000166,-0.0028333250265120593,1.9971664307904697,4.138683089868152
0.0009552800000000167,-0.0027730123826754625,1.997226755115169,4.1385805069391886
0.0009562800000000167,-0.0027125902650581473,1.99728718866207,4.138477732442645
0.0009572800000000167,-0.0026520610590218745,1.9973477290453612,4.138374770404643
0.0009582800000000167,-0.002591427154156039,1.9974083738750132,4.138271624859344
0.0009592800000000168,-0.0025306909441833916,1.9974691207568724,4.138168299848806
0.0009602800000000168,-0.0024698548268655128,1.997529967292757,4.138064799422808
0.0009612800000000168,-0.00240892120390813,1.9975909110805512,4.137961127638718
0.0009622800000000168,-0.002347892480866359,1.9976519497143002,4.137857288561316
0.0009632800000000169,-0.002286771067049671,1.997713080784304,4.137753286262656
0.0009642800000000169,-0.002225559375426835,1.9977743018772134,4.137649124821898
0.0009652800000000169,-0.0021642598225306334,1.9978356105761257,4.137544808325157
0.0009662800000000169,-0.002102874828362436,1.9978970044606794,4.137440340865343
0.000967280000000017,-0.0020414068162967138,1.99795848110715,4.137335726542003
0.000968280000000017,-0.001979858212985341,1.9980200380885462,4.1372309694611635
0.000969280000000017,-0.001918231448261771,1.9980816729747057,4.137126073735172
0.000970280000000017,-0.0018565289550451709,1.9981433833323892,4.137021043482544
0.0009712800000000171,-0.0017947531692443037,1.9982051667253777,4.136915882827796
0.0009722800000000171,-0.001732906529661424,1.99826702071457,4.136810595901289
0.0009732800000000171,-0.0016709914778959734,1.998328942858078,4.136705186839069
0.0009742800000000171,-0.0016090104582481626,1.9983909307113232,4.1365996597827035
0.0009752800000000172,-0.0015469659176225359,1.998452981827132,4.136494018879133
0.0009762800000000172,-0.0014848603054313028,1.9985150937558334,4.136388268280493
0.0009772800000000172,-0.001422696073497699,1.9985772640453552,4.136282412143968
0.0009782800000000171,-0.0013604756759591685,1.9986394902413225,4.13617645463162
0.000979280000000017,-0.0012982015691704674,1.998701769887153,4.136070399910234
0.000980280000000017,-0.0012358762116066837,1.998764100524154,4.1359642521511475
0.0009812800000000169,-0.0011735020637662248,1.9988264796916193,4.135858015530099
0.0009822800000000168,-0.0011110815880736459,1.998888904926928,4.135751694227058
0.0009832800000000167,-0.001048617248782446,1.9989513737656395,4.135645292426063
0.0009842800000000166,-0.0009861115118777936,1.9990138837415918,4.135538814315063
0.0009852800000000165,-0.0009235668449791278,1.9990764323869985,4.135432264085747
0.0009862800000000164,-0.0008609857172428396,1.999139017232548,4.1353256459333885
0.0009872800000000164,-0.0007983705992646697,1.9992016358075002,4.135218964056668
0.0009882800000000163,-0.0007357239629822701,1.9992642856397798,4.135112222657532
0.0009892800000000162,-0.0006730482815775822,1.999326964256081,4.135005425941003
0.0009902800000000161,-0.0006103460293791631,1.99938966918196,4.134898578115036
0.000991280000000016,-0.0005476196817646014,1.9994523979419354,4.134791683390331
0.000992280000000016,-0.0004848717150626701,1.9995151480595834,4.1346847459801985
0.0009932800000000159,-0.00042210460645566143,1.999577917057638,4.134577770100364
0.0009942800000000158,-0.0003593208338815487,1.9996407024580882,4.134470759968821
0.0009952800000000157,-0.0002965228759361702,1.9997035017822744,4.134363719805659
0.0009962800000000156,-0.00023371321177537822,1.9997663125509888,4.134256653832895
0.0009972800000000155,-0.00017089432101717532,1.9998291322845705,4.134149566274315
0.0009982800000000154,-0.00010806868364377886,1.9998919585030044,4.134042461355304
0.0009992800000000154,-4.523877990381314e-05,1.9999547887260212,4.1339353433026735
0.0010002800000000153,1.7592909785739763e-05,2.000017620473192,4.133828216344506
0.0010012800000000152,8.042390493732043e-05,2.000080451264027,4.1337210847099835
0.001002280000000015,0.00014325172509085086,2.0001432786180766,4.133613952629211
0.001003280000000015,0.00020607388991156092,2.000206100055025,4.1335068243330655
0.001004280000000015,0.00026888791928794345,2.000268913094791,4.13339970405302
0.0010052800000000149,0.0003316913334296912,2.000331715257624,4.133292596020975
0.0010062800000000148,0.00039448165296554174,2.0003945040642033,4.133185504469095
0.0010072800000000147,0.00045725639904118504,2.0004572770357356,4.133078433629637
0.0010082800000000146,0.0005200130934171513,2.0005200316940526,4.132971387734788
0.0010092800000000145,0.0005827492585666036,2.0005827655617074,4.132864371016494
0.0010102800000000144,0.0006454624177731454,2.0006454761620773,4.1327573877062855
0.0010112800000000143,0.000708150095228642,2.000708161019456,4.132650442035121
0.0010122800000000143,0.0007708098161309174,2.0007708176591534,4.132543538233214
0.0010132800000000142,0.0008334391067814986,2.000833443607594,4.132436680529859
0.001014280000000014,0.0008960354946832204,2.000896036392413,4.132329873153276
0.001015280000000014,0.0009585965086378619,2.000958593542556,4.132223120330427
0.001016280000000014,0.0010211196788437312,2.001021112588374,4.132116426286859
0.0010172800000000138,0.0010836025369931257,2.001083591061725,4.132009795246528
0.0010182800000000138,0.0011460426163697752,2.0011460264960657,4.131903231431634
0.0010192800000000137,0.0012084374519462612,2.0012084164265533,4.131796739062457
0.0010202800000000136,0.0012707845804813295,2.0012707583901412,4.1316903223571755
0.0010212800000000135,0.0013330815406170924,2.001333049925677,4.131583985531708
0.0010222800000000134,0.0013953258729762239,2.0013952885739985,4.131477732799544
0.0010232800000000133,0.0014575151202590795,2.001457471878031,4.131371568371573
0.0010242800000000133,0.001519646827340653,2.001519597382885,4.13126549645591
0.0010252800000000132,0.0015817185413675267,2.0015816626359535,4.131159521257739
0.001026280000000013,0.0016437278118547494,2.0016436651870078,4.131053646979132
0.001027280000000013,0.0017056721907824464,2.0017056025882947,4.130947877818885
0.001028280000000013,0.0017675492326926388,2.001767472394632,4.1308422179723525
0.0010292800000000128,0.0018293564947856537,2.001829272163507,4.130736671631278
0.0010302800000000127,0.0018910915370166054,2.0018909994551723,4.13063124298362
0.0010312800000000127,0.0019527519221917522,2.001952651832741,4.1305259362133855
0.0010322800000000126,0.0020143352160646574,2.002014226862283,4.130420755500464
0.0010332800000000125,0.002075838987432318,2.002075722112924,4.1303157050204575
0.0010342800000000124,0.0021372608082311697,2.0021371351569375,4.130210788944512
0.0010352800000000123,0.0021985982536328976,2.0021984635698424,4.130106011439148
0.0010362800000000122,0.002259848902140166,2.0022597049304993,4.130001376666092
0.0010372800000000122,0.0023210103356822507,2.0023208568212048,4.1298968887821115
0.001038280000000012,0.002382080139710498,2.0023819168277877,4.129792551938846
0.001039280000000012,0.0024430559032936035,2.0024428825397056,4.129688370282628
0.001040280000000012,0.0025039352192128207,2.0025037515501376,4.129584347954333
0.0010412800000000118,0.002564715684057015,2.00256452145608,4.129480489089204
0.0010422800000000117,0.0026253948983175003,2.0026251898584424,4.129376797816673
0.0010432800000000117,0.0026859704664828044,2.002685754362141,4.129273278260214
0.0010442800000000116,0.002746439997133201,2.002746212576194,4.129169934537158
0.0010452800000000115,0.002806801103035161,2.0028065621138156,4.129066770758532
0.0010462800000000114,0.002867051401235595,2.0028668005925105,4.128963791028893
0.0010472800000000113,0.002927188513155886,2.002926925634168,4.128860999446162
0.0010482800000000112,0.0029872100646858198,2.0029869348651554,4.128758400101451
0.0010492800000000111,0.0030471136862773303,2.003046825916412,4.1286559970789005
0.001050280000000011,0.0031068970130380016,2.003106596423543,4.128553794455517
0.001051280000000011,0.003166557684824449,2.003166244026912,4.128451796300994
0.001052280000000011,0.0032260933463355403,2.0032257663717346,4.128350006677562
0.0010532800000000108,0.003285501647205249,2.0032851611081726,4.128248429639809
0.0010542800000000107,0.003344780242095615,2.0033444258914237,4.128147069234522
0.0010552800000000106,0.003403926790789204,2.003403558381817,4.128045929500524
0.0010562800000000106,0.0034629389582815405,2.0034625562449038,4.127945014468494
0.0010572800000000105,0.003521814414873314,2.003521417151551,4.127844328160822
0.0010582800000000104,0.0035805508362623003,2.003580138778032,4.127743874591426
0.0010592800000000103,0.0036391459036351475,2.003638718806118,4.127643657765606
0.0010602800000000102,0.0036975973037589524,2.0036971549231724,4.1275436816798585
0.0010612800000000101,0.003755902729072496,2.0037554448222368,4.127443950321728
0.00106228000000001,0.0038140598777774326,2.0038135862021274,4.127344467669641
0.00106328000000001,0.003872066453929102,2.0038715767675233,4.1272452376927315
0.0010642800000000099,0.003929920167527219,2.0039294142290567,4.1271462643506975
0.0010652800000000098,0.003987618734606223,2.0039870963034057,4.127047551593615
0.0010662800000000097,0.004045159877325473,2.004044620713382,4.126949103361793
0.0010672800000000096,0.004102541324059198,2.0041019851880204,4.126850923585605
0.0010682800000000096,0.004159760809486126,2.004159187462671,4.126753016185325
0.0010692800000000095,0.004216816074678954,2.004216225279087,4.126655385070967
0.0010702800000000094,0.004273704867193491,2.0042730963855147,4.126558034142125
0.0010712800000000093,0.004330424941157618,2.004329798536782,4.126460967287809
0.0010722800000000092,0.004386974057359951,2.004386329494385,4.126364188386288
0.0010732800000000091,0.004443349983338203,2.0044426870265797,4.126267701304927
0.001074280000000009,0.004499550493467339,2.0044988689084677,4.126171509900034
0.001075280000000009,0.004555573369047465,2.0045548729220863,4.1260756180166815
0.0010762800000000089,0.004611416398391371,2.004610696856493,4.125980029488569
0.0010772800000000088,0.0046670773769118875,2.0046663385078567,4.125884748137854
0.0010782800000000087,0.004722554107208864,2.004721795679541,4.125789777774988
0.0010792800000000086,0.004777844399156002,2.004777066182193,4.12569512219857
0.0010802800000000085,0.004832946069987243,2.0048321478338287,4.125600785195183
0.0010812800000000085,0.004887856944382963,2.00488703845992,4.125506770539236
0.0010822800000000084,0.0049425748545558765,2.0049417358934796,4.125413081992808
0.0010832800000000083,0.004997097640336576,2.0049962379751483,4.1253197233054895
0.0010842800000000082,0.0050514231492588295,2.005050542553278,4.125226698214233
0.0010852800000000081,0.00510554923664458,2.0051046474840186,4.125134010443186
0.001086280000000008,0.005159473765688576,2.0051585506314002,4.125041663703552
0.001087280000000008,0.005213194607542728,2.00521224986742,4.124949661693418
0.0010882800000000079,0.005266709641400195,2.0052657430721257,4.124858008097613
0.0010892800000000078,0.005320016754579062,2.005319028133698,4.124766706587547
0.0010902800000000077,0.005373113842605795,2.0053721029485354,4.124675760821066
0.0010912800000000076,0.005425998809298265,2.0054249654213354,4.1245851744422835
0.0010922800000000075,0.0054786695668485345,2.0054776134651804,4.124494951081447
0.0010932800000000074,0.005531124035905298,2.0055300450016156,4.124405094354777
0.0010942800000000074,0.0055833601456559325,2.0055822579607354,4.124315607864312
0.0010952800000000073,0.005635375833908253,2.005634250281262,4.124226495197764
0.0010962800000000072,0.005687169047171952,2.0056860199106294,4.124137759928367
0.0010972800000000071,0.00573873774073967,2.0057375648050626,4.124049405614723
0.001098280000000007,0.005790079878767676,2.005788882929658,4.12396143580066
0.001099280000000007,0.005841193434356266,2.005839972258465,4.123873854015075
0.0011002800000000069,0.0058920763896298,2.0058908307745664,4.123786663771793
0.0011012800000000068,0.005942726735816322,2.0059414564701554,4.123699868569417
0.0011022800000000067,0.0059931424733268845,2.005991847346617,4.1236134718911766
0.0011032800000000066,0.0060433216118345266,2.006042001414607,4.12352747720479
0.0011042800000000065,0.006093262170352735,2.006091916694129,4.123441887962312
0.0011052800000000064,0.006142962177313801,2.006141591214616,4.123356707599989
0.0011062800000000064,0.006192419670646543,2.006191023015003,4.123271939538114
0.0011072800000000063,0.006241632697853802,2.0062402101438077,4.123187587180889
0.0011082800000000062,0.0062905993160895434,2.0062891506592093,4.1231036539162735
0.001109280000000006,0.006339317592235516,2.0063378426291196,4.123020143115842
0.001110280000000006,0.006387785602977592,2.0063862841312634,4.122937058134654
0.001111280000000006,0.006436001434881725,2.0064344732532557,4.122854402311088
0.0011122800000000059,0.006483963184469385,2.0064824080926744,4.122772178966724
0.0011132800000000058,0.006531668958292853,2.0065300867571336,4.122690391406198
0.0011142800000000057,0.006579116873009858,2.006577507364363,4.12260904291705
0.0011152800000000056,0.006626305055457961,2.0066246680422792,4.1225281367696
0.0011162800000000055,0.0066732316427285335,2.0066715669290596,4.1224476762168
0.0011172800000000054,0.006719894782240253,2.006718202173219,4.122367664494101
0.0011182800000000053,0.006766292631812268,2.0067645719336786,4.122288104819313
0.0011192800000000053,0.006812423359736933,2.0068106743798397,4.122209000392473
0.0011202800000000052,0.006858285144852098,2.0068565076916594,4.122130354395702
0.001121280000000005,0.006903876176613004,2.0069020700597173,4.1220521699930766
0.001122280000000005,0.0069491946551637805,2.0069473596852907,4.1219744503304945
0.001123280000000005,0.0069942387914085045,2.0069923747804226,4.121897198535537
0.0011242800000000048,0.0070390068070818,2.007037113567995,4.121820417717342
0.0011252800000000048,0.0070834969348190545,2.0070815742818,4.121744110966462
0.0011262800000000047,0.007127707418226219,2.0071257551666046,4.121668281354739
0.0011272800000000046,0.0071716365119491015,2.007169654478224,4.121592931935183
0.0011282800000000045,0.007215282481742307,2.00721327048359,4.1215180657418236
0.0011292800000000044,0.0072586436045376694,2.007256601460819,4.12144368578959
0.0011302800000000043,0.007301718168512307,2.0072996456992787,4.121369795074187
0.0011312800000000043,0.0073445044731562025,2.0073424014996584,4.121296396571963
0.0011322800000000042,0.007387000829339304,2.0073848671740326,4.121223493239779
0.001133280000000004,0.007429205559378228,2.00742704104593,4.121151088014892
0.001134280000000004,0.0074711169971025115,2.0074689214503993,4.121079183814823
0.001135280000000004,0.007512733487920351,2.007510506734076,4.121007783537229
0.0011362800000000038,0.007554053388883941,2.007551795255244,4.120936890059793
0.0011372800000000037,0.007595075068754362,2.0075927853839053,4.120866506240086
0.0011382800000000037,0.007635796908065914,2.0076334755018403,4.1207966349154495
0.0011392800000000036,0.007676217299190114,2.0076738640026743,4.120727278902884
0.0011402800000000035,0.007716334646399124,2.0077139492919396,4.120658440998913
0.0011412800000000034,0.007756147365928783,2.007753729787139,4.1205901239794755
0.0011422800000000033,0.0077956538860410865,2.0077932039178057,4.120522330599802
0.0011432800000000032,0.007834852647086261,2.007832370125572,4.120455063594295
0.0011442800000000032,0.00787374210156435,2.0078712268642236,4.120388325676414
0.001145280000000003,0.00791232071418628,2.0079097725997634,4.120322119538563
0.001146280000000003,0.007950586961934474,2.007948005810474,4.120256447851968
0.001147280000000003,0.007988539334122994,2.007985924986974,4.120191313266567
0.0011482800000000028,0.00802617633245717,2.00802352863228,4.120126718410897
0.0011492800000000027,0.00806349647109276,2.008060815261866,4.120062665891977
0.0011502800000000027,0.008100498276694588,2.008097783403721,4.1199991582952
0.0011512800000000026,0.008137180288494722,2.008134431598407,4.1199361981842175
0.0011522800000000025,0.008173541058350157,2.0081707583991166,4.119873788100839
0.0011532800000000024,0.00820957915079995,2.0082067623717315,4.119811930564912
0.0011542800000000023,0.008245293143121928,2.0082424420948777,4.1197506280742155
0.0011552800000000022,0.008280681625388807,2.008277796159982,4.11968988310436
0.0011562800000000021,0.008315743200523919,2.0083128231713268,4.1196296981086755
0.001157280000000002,0.00835047648435631,2.0083475217461078,4.1195700755181015
0.001158280000000002,0.008384880105675396,2.0083818905144852,4.119511017741092
0.001159280000000002,0.008418952706285131,2.0084159281196396,4.119452527163508
0.0011602800000000018,0.008452692941057579,2.008449633217826,4.119394606148514
0.0011612800000000017,0.008486099477986035,2.008483004478426,4.119337257036469
0.0011622800000000016,0.008519170998237647,2.0085160405840004,4.119280482144843
0.0011632800000000016,0.008551906196205388,2.0085487402303412,4.119224283768098
0.0011642800000000015,0.00858430377955972,2.0085811021265236,4.119168664177604
0.0011652800000000014,0.008616362469299517,2.008613124994957,4.119113625621532
0.0011662800000000013,0.008648080999802596,2.0086448075714345,4.11905917032476
0.0011672800000000012,0.008679458118875693,2.0086761486051827,4.119005300488777
0.0011682800000000011,0.008710492587803872,2.008707146858913,4.118952018291591
0.001169280000000001,0.008741183181399432,2.008737801108867,4.118899325887629
0.001170280000000001,0.008771528688050296,2.008768110144869,4.118847225407643
0.0011712800000000009,0.008801527909767825,2.0087980727703725,4.11879571895863
0.0011722800000000008,0.0088311796622341,2.008827687802505,4.118744808623722
0.0011732800000000007,0.008860482774848712,2.0088569540721157,4.118694496462118
0.0011742800000000006,0.008889436090774945,2.0088858704238244,4.118644784508976
0.0011752800000000006,0.008918038466985473,2.0089144357160644,4.118595674775332
0.0011762800000000005,0.008946288774307446,2.008942648821127,4.118547169248016
0.0011772800000000004,0.008974185897467117,2.0089705086252088,4.118499269889562
0.0011782800000000003,0.00900172873513382,2.0089980140284536,4.1184519786381255
0.0011792800000000002,0.009028916199963486,2.009025163944996,4.118405297407394
0.0011802800000000001,0.00905574721864157,2.0090519573030052,4.118359228086517
0.00118128,0.009082220731925373,2.009078393044726,4.118313772540006
0.00118228,0.009108335694685936,2.009104470126521,4.118268932607669
0.0011832799999999999,0.00913409107594924,2.009130187518915,4.118224710104523
0.0011842799999999998,0.009159485858936934,2.009155544206629,4.118181106820716
0.0011852799999999997,0.009184519041106471,2.0091805391886246,4.118138124521457
0.0011862799999999996,0.00920918963419068,2.0092051714781456,4.118095764946923
0.0011872799999999995,0.009233496664236788,2.009229440102751,4.118054029812201
0.0011882799999999995,0.00925743917164488,2.009253344104359,4.118012920807203
0.0011892799999999994,0.00928101621120574,2.0092768825392815,4.117972439596595
0.0011902799999999993,0.009304226852138232,2.0093000544782615,4.11793258781973
0.0011912799999999992,0.009327070178125988,2.009322859006513,4.117893367090565
0.0011922799999999991,0.00934954528735361,2.0093452952237527,4.117854778997603
0.001193279999999999,0.009371651292542277,2.009367362244238,4.117816825103816
0.001194279999999999,0.009393387320984752,2.0093890591968018,4.117779506946585
0.0011952799999999989,0.009414752514579846,2.009410385224888,4.1177428260376185
0.0011962799999999988,0.009435746029866307,2.0094313394865817,4.117706783862905
0.0011972799999999987,0.009456367038056097,2.009451921154645,4.117671381882642
0.0011982799999999986,0.009476614725067115,2.0094721294165505,4.117636621531158
0.0011992799999999985,0.009496488291555348,2.009491963474512,4.117602504216875
0.0012002799999999984,0.009515986952946425,2.0095114225455157,4.117569031322226
0.0012012799999999984,0.00953510993946658,2.0095305058613517,4.117536204203611
0.0012022799999999983,0.009553856496173047,2.0095492126686447,4.117504024191322
0.0012032799999999982,0.009572225882983868,2.0095675422288832,4.1174724925895
0.0012042799999999981,0.009590217374707107,2.0095854938184483,4.117441610676067
0.001205279999999998,0.009607830261069476,2.009603066728643,4.11741137970268
0.001206279999999998,0.009625063846744376,2.0096202602657205,4.117381800894663
0.0012072799999999979,0.009641917451379354,2.0096370737509104,4.117352875450973
0.0012082799999999978,0.00965839040962296,2.0096535065204457,4.117324604544128
0.0012092799999999977,0.009674482071151009,2.0096695579255894,4.11729698932017
0.0012102799999999976,0.009690191800692251,2.0096852273326613,4.117270030898605
0.0012112799999999975,0.009705518978053473,2.009700514123062,4.117243730372362
0.0012122799999999974,0.00972046299814395,2.0097154176932945,4.117218088807743
0.0012132799999999974,0.009735023270999357,2.0097299374549937,4.117193107244371
0.0012142799999999973,0.009749199221805059,2.009744072834945,4.117168786695156
0.0012152799999999972,0.009762990290918785,2.009757823275109,4.1171451281462375
0.001216279999999997,0.009776395933892743,2.009771188232642,4.117122132556952
0.001217279999999997,0.0097894156214951,2.009784167179921,4.11709980085979
0.001218279999999997,0.009802048839730886,2.0097967596045594,4.1170781339603435
0.0012192799999999969,0.009814295089862275,2.009808965009432,4.117057132737283
0.0012202799999999968,0.009826153888428281,2.0098207829126897,4.117036798042311
0.0012212799999999967,0.009837624767263842,2.009832212847784,4.117017130700124
0.0012222799999999966,0.009848707273518307,2.0098432543634823,4.116998131508378
0.0012232799999999965,0.009859400969673299,2.009853907023885,4.116979801237652
0.0012242799999999964,0.009869705433560007,2.0098641704084437,4.116962140631419
0.0012252799999999963,0.009879620258375839,2.0098740441119793,4.116945150406011
0.0012262799999999963,0.009889145052700492,2.0098835277446963,4.116928831250583
0.0012272799999999962,0.009898279440511392,2.009892620932198,4.116913183827089
0.001228279999999996,0.009907023061198547,2.0099013233155016,4.116898208770254
0.001229279999999996,0.009915375569578791,2.0099096345510534,4.116883906687542
0.001230279999999996,0.009923336635909389,2.0099175543107406,4.116870278159127
0.0012312799999999958,0.009930905945901077,2.009925082281906,4.116857323737876
0.0012322799999999958,0.009938083200730452,2.00993221816736,4.11684504394932
0.0012332799999999957,0.00994486811705179,2.00993896168539,4.1168334392916295
0.0012342799999999956,0.009951260427008205,2.0099453125697755,4.116822510235596
0.0012352799999999955,0.00995725987824225,2.0099512705697955,4.116812257224609
0.0012362799999999954,0.009962866233905862,2.0099568354502386,4.116802680674638
0.0012372799999999953,0.00996807927266972,2.009962006991414,4.116793780974219
0.0012382799999999953,0.009972898788731975,2.0099667849891594,4.1167855584844215
0.0012392799999999952,0.009977324591826393,2.009971169254849,4.1167780135388545
0.001240279999999995,0.00998135650722984,2.0099751596154,4.116771146443636
0.001241279999999995,0.009984994375769203,2.009978755913282,4.116764957477382
0.001242279999999995,0.009988238053827658,2.0099819580065197,4.116759446891201
0.0012432799999999948,0.00999108741335035,2.0099847657687016,4.116754614908682
0.0012442799999999947,0.009993542341849446,2.0099871790889825,4.116750461725877
0.0012452799999999947,0.009995602742408571,2.00998919787209,4.116746987511297
0.0012462799999999946,0.00999726853368664,2.009990822038327,4.116744192405909
0.0012472799999999945,0.009998539649921064,2.0099920515235747,4.116742076523121
0.0012482799999999944,0.009999416040930352,2.009992886279297,4.116740639948786
0.0012492799999999943,0.009999897672116086,2.0099933262725407,4.116739882741188
0.0012502799999999942,0.009999984524464291,2.0099933714859355,4.1167398049310515
0.0012512799999999942,0.009999676594546187,2.0099930219176985,4.116740406521535
0.001252279999999994,0.00999897389451832,2.00999227758163,4.11674168748822
0.001253279999999994,0.009997876452122084,2.009991138507117,4.116743647779136
0.001254279999999994,0.009996384310682624,2.0099896047391295,4.1167462873147365
0.0012552799999999938,0.00999449752910713,2.009987676338218,4.1167496059879225
0.0012562799999999937,0.009992216181882506,2.009985353380515,4.116753603664035
0.0012572799999999937,0.009989540359072438,2.009982635957727,4.11675828018087
0.0012582799999999936,0.009986470166313826,2.009979524177135,4.116763635348672
0.0012592799999999935,0.009983005724812625,2.0099760181615873,4.116769668950164
0.0012602799999999934,0.00997914717133905,2.0099721180494963,4.116776380740534
0.0012612799999999933,0.009974894658222188,2.0099678239948333,4.11678377044746
0.0012622799999999932,0.009970248353343977,2.009963136167122,4.116791837771116
0.0012632799999999931,0.009965208440132572,2.0099580547514293,4.116800582384192
0.001264279999999993,0.009959775117555124,2.0099525799483633,4.116810003931895
0.001265279999999993,0.009953948600109898,2.0099467119740604,4.116820102031978
0.001266279999999993,0.009947729117817833,2.0099404510601793,4.116830876274753
0.0012672799999999928,0.009941116916213435,2.009933797453891,4.116842326223104
0.0012682799999999927,0.009934112256335104,2.0099267514178702,4.116854451412511
0.0012692799999999926,0.009926715414714819,2.0099193132302826,4.116867251351067
0.0012702799999999926,0.00991892668336722,2.009911483184776,4.116880725519507
0.0012712799999999925,0.009910746369778083,2.0099032615904684,4.116894873371218
0.0012722799999999924,0.009902174796892186,2.009894648771936,4.116909694332273
0.0012732799999999923,0.009893212303100543,2.009885645069199,4.116925187801453
0.0012742799999999922,0.009883859242227068,2.009876250837709,4.116941353150272
0.0012752799999999921,0.009874115983514588,2.0098664664483357,4.116958189723008
0.001276279999999992,0.009863982911610274,2.0098562922873513,4.116975696836726
0.001277279999999992,0.009853460426550454,2.009845728756414,4.1169938737813165
0.0012782799999999919,0.009842548943744821,2.009834776272556,4.1170127198195186
0.0012792799999999918,0.009831248893960032,2.009823435268164,4.117032234186952
0.0012802799999999917,0.009819560723302702,2.0098117061909626,4.117052416092153
0.0012812799999999916,0.009807484893201797,2.0097995895039964,4.117073264716615
0.0012822799999999916,0.009795021880390414,2.009787085685612,4.117094779214816
0.0012832799999999915,0.009782172176886957,2.0097741952294403,4.117116958714257
0.0012842799999999914,0.009768936289975718,2.0097609186443757,4.117139802315502
0.0012852799999999913,0.009755314742186848,2.0097472564545558,4.117163309092214
0.0012862799999999912,0.009741308071275732,2.0097332091993407,4.1171874780912034
0.0012872799999999911,0.009726916830201751,2.009718777433294,4.117212308332457
0.001288279999999991,0.00971214158710647,2.009703961726159,4.117237798809192
0.001289279999999991,0.009696982925291175,2.0096887626628352,4.117263948487896
0.0012902799999999909,0.009681441443193883,2.0096731808433557,4.117290756308369
0.0012912799999999908,0.009665517754365693,2.0096572168828652,4.117318221183778
0.0012922799999999907,0.009649212487446582,2.009640871411596,4.117346342000689
0.0012932799999999906,0.00963252628614057,2.0096241450748393,4.117375117619137
0.0012942799999999905,0.009615459809190303,2.0096070385329234,4.1174045468726534
0.0012952799999999905,0.009598013730351074,2.0095895524611866,4.117434628568336
0.0012962799999999904,0.009580188738364203,2.009571687549951,4.1174653614868895
0.0012972799999999903,0.00956198553692985,2.0095534445044922,4.11749674438268
0.0012982799999999902,0.009543404844679243,2.009534824045016,4.117528775983794
0.0012992799999999901,0.009524447395146294,2.009515826906627,4.117561454992088
0.00130027999999999,0.00950511393673865,2.0094964538393008,4.11759478008325
0.00130127999999999,0.009485405232708147,2.009476705607855,4.117628749906851
0.0013022799999999899,0.009465322061120671,2.009456582991916,4.117663363086412
0.0013032799999999898,0.009444865214825455,2.009436086785893,4.117698618219457
0.0013042799999999897,0.00942403550142375,2.009415217798941,4.117734513877582
0.0013052799999999896,0.009402833743236985,2.0093939768549323,4.117771048606501
0.0013062799999999895,0.009381260777274266,2.009372364792424,4.117808220926135
0.0013072799999999894,0.009359317455199353,2.009350382464626,4.117846029330648
0.0013082799999999894,0.009337004643297024,2.009328030739363,4.117884472288533
0.0013092799999999893,0.009314323222438893,2.0093053104990437,4.117923548242668
0.0013102799999999892,0.009291274088048616,2.0092822226406266,4.117963255610394
0.0013112799999999891,0.009267858150066552,2.0092587680755805,4.118003592783568
0.001312279999999989,0.009244076332913837,2.0092349477298534,4.118044558128648
0.001313279999999989,0.009219929575455895,2.009210762543833,4.1180861499867545
0.0013142799999999889,0.009195418830965366,2.0091862134723093,4.1181283666737505
0.0013152799999999888,0.009170545067084465,2.0091613014844394,4.118171206480306
0.0013162799999999887,0.009145309265786796,2.0091360275637062,4.118214667671976
0.0013172799999999886,0.009119712423338599,2.009110392707883,4.118258748489281
0.0013182799999999885,0.009093755550259376,2.00908439792899,4.118303447147772
0.0013192799999999884,0.009067439671282042,2.009058044253258,4.118348761838122
0.0013202799999999884,0.00904076582531242,2.0090313327210865,4.118394690726185
0.0013212799999999883,0.009013735065388287,2.009004264387002,4.1184412319531
0.0013222799999999882,0.008986348458637758,2.008976840319617,4.118488383635353
0.001323279999999988,0.008958607086237176,2.0089490616015877,4.118536143864864
0.001324279999999988,0.00893051204336842,2.0089209293295713,4.11858451070907
0.001325279999999988,0.00890206443917568,2.0088924446141827,4.118633482211014
0.0013262799999999879,0.008873265396721655,2.0088636085799516,4.118683056389418
0.0013272799999999878,0.008844116052943232,2.008834422365276,4.118733231238778
0.0013282799999999877,0.008814617558606592,2.008804887122378,4.118784004729451
0.0013292799999999876,0.00878477107826179,2.00877500401726,4.1188353748077375
0.0013302799999999875,0.008754577790196746,2.008744774229657,4.118887339395971
0.0013312799999999874,0.008724038886390784,2.0087141989529904,4.118939896392613
0.0013322799999999873,0.008693155572467534,2.008683279394321,4.11899304367234
0.0013332799999999873,0.008661929067647341,2.0086520167743003,4.119046779086136
0.0013342799999999872,0.008630360604699173,2.008620412327125,4.119101100461385
0.001335279999999987,0.008598451429891867,2.0085884673004855,4.119156005601962
0.001336279999999987,0.008566202802945016,2.008556182955518,4.119211492288337
0.001337279999999987,0.008533615996979193,2.0085235605667533,4.119267558277661
0.0013382799999999868,0.0085006922984657,2.0084906014220696,4.11932420130387
0.0013392799999999868,0.008467433007175782,2.0084573068226383,4.119381419077773
0.0013402799999999867,0.008433839436129317,2.0084236780828735,4.119439209287164
0.0013412799999999866,0.008399912911542951,2.0083897165303815,4.119497569596913
0.0013422799999999865,0.008365654772777781,2.0083554235059085,4.119556497649062
0.0013432799999999864,0.008331066372286486,2.0083208003632844,4.119615991062942
0.0013442799999999863,0.008296149075559896,2.0082858484693733,4.119676047435265
0.0013452799999999863,0.008260904261073074,2.0082505692040162,4.119736664340224
0.0013462799999999862,0.00822533332023096,2.0082149639599804,4.119797839329607
0.001347279999999986,0.008189437657313389,2.0081790341429,4.119859569932894
0.001348279999999986,0.008153218689419671,2.008142781171225,4.119921853657372
0.001349279999999986,0.00811667784641264,2.0081062064761603,4.119984687988235
0.0013502799999999858,0.008079816570862212,2.008069311501615,4.120048070388692
0.0013512799999999857,0.008042636317988428,2.008032097704139,4.120111998300083
0.0013522799999999857,0.00800513855560401,2.0079945665528713,4.12017646914198
0.0013532799999999856,0.007967324764056408,2.0079567195294783,4.120241480312306
0.0013542799999999855,0.007929196436169367,2.0079185581280963,4.12030702918744
0.0013552799999999854,0.007890755077183995,2.007880083855274,4.1203731131223345
0.0013562799999999853,0.007852002204699303,2.00784129822991,4.120439729450624
0.0013572799999999852,0.00781293934861235,2.0078022027831968,4.120506875484743
0.0013582799999999852,0.00777356805105781,2.007762799058556,4.120574548516043
0.001359279999999985,0.007733889866347095,2.0077230886115798,4.120642745814902
0.001360279999999985,0.007693906360906996,2.0076830730099697,4.120711464630853
0.001361279999999985,0.007653619113217846,2.007642753833475,4.1207807021926826
0.0013622799999999848,0.007613029713751202,2.0076021326738283,4.1208504557085694
0.0013632799999999847,0.007572139764907054,2.0075612111346848,4.120920722366193
0.0013642799999999847,0.007530950880950567,2.0075199908315575,4.120991499332855
0.0013652799999999846,0.007489464687948365,2.007478473391755,4.121062783755601
0.0013662799999999845,0.007447682823704289,2.0074366604543155,4.121134572761349
0.0013672799999999844,0.007405606937694796,2.0073945536699442,4.1212068634569965
0.0013682799999999843,0.007363238691003846,2.0073521547009445,4.121279652929562
0.0013692799999999842,0.00732057975625726,2.007309465221157,4.121352938246297
0.0013702799999999841,0.007277631817556749,2.00726648691589,4.121426716454812
0.001371279999999984,0.00723439657041337,2.007223221481854,4.121500984583216
0.001372279999999984,0.007190875721680661,2.0071796706270963,4.121575739640219
0.001373279999999984,0.007147070989487213,2.007135836070931,4.121650978615283
0.0013742799999999838,0.0071029841031688455,2.007091719543872,4.121726698478737
0.0013752799999999837,0.0070586168032003415,2.0070473227875656,4.121802896181904
0.0013762799999999836,0.0070139708411267356,2.007002647554721,4.1218795686572465
0.0013772799999999836,0.006969047979494163,2.0069576956090405,4.121956712818477
0.0013782799999999835,0.006923849991780282,2.0069124687251514,4.122034325560705
0.0013792799999999834,0.006878378662324256,2.0068669686885343,4.122112403760559
0.0013802799999999833,0.006832635786256312,2.0068211972954537,4.122190944276324
0.0013812799999999832,0.006786623169426885,2.0067751563528877,4.12226994394807
0.0013822799999999831,0.006740342628335278,2.0067288476784544,4.1223493995977964
0.001383279999999983,0.006693795990058018,2.006682273100342,4.122429308029556
0.001384279999999983,0.006646985092176672,2.0066354344572366,4.122509666029592
0.0013852799999999829,0.006599911782705375,2.0065883335982484,4.122590470366485
0.0013862799999999828,0.006552577920017744,2.00654097238284,4.122671717791273
0.0013872799999999827,0.00650498537277364,2.006493352680752,4.122753405037601
0.0013882799999999826,0.006457136019845338,2.00644547637193,4.122835528821857
0.0013892799999999826,0.00640903175024336,2.0063973453464503,4.122918085843307
0.0013902799999999825,0.006360674463041904,2.0063489615044436,4.123001072784242
0.0013912799999999824,0.0063120660673038785,2.006300326756022,4.12308448631011
0.0013922799999999823,0.006263208482005491,2.006251443021204,4.123168323069659
0.0013932799999999822,0.006214103635960551,2.006202312229836,4.1232525796950865
0.0013942799999999821,0.006164753467744326,2.0061529363215183,4.123337252802168
0.001395279999999982,0.006115159925616944,2.0061033172455294,4.123422338990406
0.001396279999999982,0.006065324967446543,2.006053456960746,4.123507834843182
0.0013972799999999819,0.006015250560631914,2.0060033574355685,4.123593736927886
0.0013982799999999818,0.00596493868202491,2.00595302064784,4.12368004179607
0.0013992799999999817,0.005914391317852349,2.005902448584773,4.123766745983589
0.0014002799999999816,0.0058636104636376205,2.0058516432428677,4.12385384601075
0.0014012799999999815,0.005812598124121897,2.0058006066278313,4.123941338382459
0.0014022799999999815,0.005761356313184994,2.0057493407545044,4.12402921958836
0.0014032799999999814,0.0057098870537658705,2.005697847646776,4.1241174861029934
0.0014042799999999813,0.005658192377782756,2.0056461293375074,4.12420613438594
0.0014052799999999812,0.005606274326052944,2.0055941878684496,4.124295160881959
0.0014062799999999811,0.005554134948212234,2.0055420252901643,4.124384562021161
0.001407279999999981,0.005501776302633955,2.0054896436619423,4.12447433421913
0.001408279999999981,0.0054492004563477985,2.005437045051722,4.124564473877093
0.0014092799999999809,0.005396409484958151,2.0053842315360066,4.124654977382063
0.0014102799999999808,0.005343405472562156,2.0053312051997847,4.1247458411069955
0.0014112799999999807,0.00529019051166751,2.0052779681364457,4.124837061410932
0.0014122799999999806,0.0052367667031097045,2.0052245224476986,4.12492863463916
0.0014132799999999805,0.0051831361559692415,2.00517087024349,4.125020557123358
0.0014142799999999804,0.0051293009874882915,2.0051170136419176,4.125112825181757
0.0014152799999999804,0.005075263322987126,2.005062954769149,4.12520543511929
0.0014162799999999803,0.005021025295780211,2.005008695759337,4.125298383227746
0.0014172799999999802,0.004966589047092007,2.004954238754535,4.125391665785924
0.0014182799999999801,0.0049119567259723555,2.0048995859046133,4.12548527905979
0.00141927999999998,0.004857130489211795,2.004844739367175,4.125579219302633
0.00142027999999998,0.0048021125012562595,2.0047897013074683,4.125673482755215
0.0014212799999999799,0.004746904934121724,2.004734473898302,4.125768065645941
0.0014222799999999798,0.0046915099673083775,2.0046790593199617,4.125862964190999
0.0014232799999999797,0.004635929787714673,2.0046234597601202,4.125958174594527
0.0014242799999999796,0.0045801665895509325,2.0045676774137537,4.126053693048773
0.0014252799999999795,0.004524222574252738,2.0045117144830567,4.126149515734242
0.0014262799999999794,0.004468099950394023,2.004455573177349,4.126245638819868
0.0014272799999999794,0.0044118009335998775,2.004399255712994,4.126342058463164
0.0014282799999999793,0.004355327746459087,2.004342764313312,4.126438770810379
0.0014292799999999792,0.004298682618436382,2.004286101208487,4.126535771996669
0.001430279999999979,0.004241867785784425,2.0042292686354815,4.126633058146248
0.001431279999999979,0.004184885491455527,2.0041722688379493,4.126730625372548
0.001432279999999979,0.004127737985013112,2.004115104066147,4.126828469778383
0.0014332799999999789,0.004070427522542854,2.004057776576842,4.12692658745611
0.0014342799999999788,0.004012956366563693,2.004000288633227,4.127024974487788
0.0014352799999999787,0.003955326785938463,2.0039426425048297,4.127123626945343
0.0014362799999999786,0.0038975410557843125,2.0038848404674194,4.127222540890728
0.0014372799999999785,0.0038396014573829707,2.0038268848029244,4.127321712376085
0.0014382799999999784,0.0037815102780905264,2.003768777799335,4.127421137443907
0.0014392799999999783,0.003723269811247285,2.0037105217506173,4.127520812127206
0.0014402799999999783,0.0036648823560871554,2.0036521189566225,4.127620732449665
0.0014412799999999782,0.003606350217646891,2.0035935717229933,4.127720894425817
0.001442279999999978,0.003547675706675111,2.003534882361076,4.127821294061193
0.001443279999999978,0.0034888611395410087,2.0034760531878266,4.1279219273525
0.001444279999999978,0.0034299088381429883,2.003417086525722,4.128022790287775
0.0014452799999999778,0.0033708211298169987,2.003357984702664,4.128123878846557
0.0014462799999999778,0.0033116003472445743,2.003298750051895,4.1282251890000445
0.0014472799999999777,0.0032522488283608254,2.0032393849118972,4.128326716711267
0.0014482799999999776,0.0031927689162620583,2.0031798916263064,4.128428457935245
0.0014492799999999775,0.003133162959113373,2.0031202725438164,4.128530408619163
0.0014502799999999774,0.0030734333100558963,2.0030605300180877,4.128632564702525
0.0014512799999999773,0.0030135823271138997,2.0030006664076536,4.1287349221173315
0.0014522799999999773,0.002953612373101708,2.0029406840758286,4.1288374767882345
0.0014532799999999772,0.00289352581553042,2.002880585390613,4.128940224632712
0.001454279999999977,0.0028333250265144454,2.0028203727246012,4.129043161561233
0.001455279999999977,0.0027730123826778534,2.0027600484548875,4.129146283477422
0.001456279999999977,0.002712590265060551,2.002699614962972,4.129249586278226
0.0014572799999999768,0.0026520610590242823,2.002639074634666,4.129353065854081
0.0014582799999999767,0.0025914271541584767,2.0025784298599993,4.129456718089088
0.0014592799999999767,0.002530690944185842,2.0025176830331253,4.1295605388611625
0.0014602799999999766,0.002469854826867967,2.0024568365522257,4.129664524042222
0.0014612799999999765,0.002408921203910579,2.002395892819416,4.129768669498338
0.0014622799999999764,0.0023478924808688294,2.0023348542406514,4.129872971089915
0.0014632799999999763,0.0022867710670521537,2.0022737232256316,4.129977424671848
0.0014642799999999762,0.0022255593754293298,2.002212502187706,4.130082026093699
0.0014652799999999762,0.002164259822533132,2.002151193543778,4.130186771199861
0.001466279999999976,0.0021028748283649468,2.002089799714207,4.130291655829728
0.001467279999999976,0.0020414068162992365,2.002028323122718,4.130396675817863
0.001468279999999976,0.0019798582129878844,2.0019667661963036,4.130501826994162
0.0014692799999999758,0.0019182314482643265,2.0019051313651275,4.130607105184026
0.0014702799999999757,0.0018565289550477118,2.001843421062427,4.1307125062085355
0.0014712799999999757,0.001794753169246856,2.001781637724421,4.130818025884611
0.0014722799999999756,0.0017329065296639882,2.0017197837902105,4.1309236600251795
0.0014732799999999755,0.001670991477898558,2.001657861701684,4.131029404439355
0.0014742799999999754,0.0016090104582507586,2.0015958739034203,4.131135254932595
0.0014752799999999753,0.0015469659176251345,2.0015338228425934,4.131241207306871
0.0014762799999999752,0.0014848603054339127,2.001471710968874,4.131347257360846
0.0014772799999999751,0.0014226960735003202,2.001409540734333,4.131453400890038
0.001478279999999975,0.001360475675961792,2.0013473145933456,4.131559633686984
0.001479279999999975,0.0012982015691730842,2.001285035002495,4.131665951541417
0.001480279999999975,0.0012358762116093025,2.001222704420474,4.131772350240429
0.0014812799999999748,0.0011735020637688458,2.001160325307988,4.131878825568642
0.0014822799999999747,0.0011110815880762685,2.0010979001276596,4.131985373308376
0.0014832799999999746,0.0010486172487850882,2.001035431343928,4.132091989239821
0.0014842799999999746,0.0009861115118804287,2.0009729214229552,4.132198669141201
0.0014852799999999745,0.0009235668449817733,2.0009103728325273,4.1323054087889455
0.0014862799999999744,0.0008609857172454778,2.000847788041956,4.132412203957859
0.0014872799999999743,0.0007983705992672916,2.0007851695219836,4.132519050421284
0.0014882799999999742,0.0007357239629849111,2.0007225197446825,4.132625943951279
0.0014892799999999741,0.0006730482815802153,2.00065984118336,4.132732880318779
0.001490279999999974,0.000610346029381806,2.0005971363124586,4.1328398552937635
0.001491279999999974,0.0005476196817672367,2.0005344076074607,4.132946864645436
0.0014922799999999739,0.0004848717150653061,2.0004716575447894,4.133053904142376
0.0014932799999999738,0.0004221046064582982,2.0004088886017115,4.133160969552717
0.0014942799999999737,0.0003593208338842039,2.0003461032562377,4.133268056644319
0.0014952799999999736,0.00029652287593880816,2.000283303987027,4.13337516118492
0.0014962799999999736,0.0002337132117780166,2.0002204932732885,4.1334822789423225
0.0014972799999999735,0.00017089432101980516,2.000157673594683,4.13358940568455
0.0014982799999999734,0.00010806868364643559,2.0000948474312246,4.133696537180013
0.0014992799999999733,4.5238779906461105e-05,2.000032017263184,4.13380366919769
0.0015002799999999732,-1.7592909783082888e-05,1.9999691855709887,4.133910797507278
0.0015012799999999731,-8.042390493467254e-05,1.9999063548351277,4.1340179178793734
0.001502279999999973,-0.00014325172508820313,1.999843527536052,4.134125026085629
0.001503279999999973,-0.0002060738899089135,1.999780706154078,4.13423211789892
0.0015042799999999729,-0.00026888791928530526,1.9997178931692872,4.134339189093525
0.0015052799999999728,-0.00033169133342705355,1.9996550910614286,4.134446235445277
0.0015062799999999727,-0.00039448165296290463,1.999592302309823,4.134553252731741
0.0015072799999999726,-0.00045725639903855753,1.999529529393265,4.134660236732369
0.0015082799999999725,-0.0005200130934145248,1.999466774789922,4.134767183228674
0.0015092799999999725,-0.0005827492585639513,1.9994040409772396,4.134874088004393
0.0015102799999999724,-0.0006454624177704941,1.9993413304318426,4.134980946845654
0.0015112799999999723,-0.0007081500952259919,1.9992786456294371,4.135087755541141
0.0015122799999999722,-0.0007708098161282951,1.9992159890447128,4.1351945098822585
0.0015132799999999721,-0.0008334391067788776,1.9991533631512455,4.135301205663293
0.001514279999999972,-0.0008960354946805831,1.999090770421399,4.135407838681586
0.001515279999999972,-0.0009585965086352348,1.9990282133262283,4.135514404737691
0.0015162799999999719,-0.001021119678841106,1.9989656943353815,4.1356208996355415
0.0015172799999999718,-0.001083602536990493,1.9989032159170026,4.135727319182611
0.0015182799999999717,-0.0011460426163671447,1.9988407805376334,4.135833659190083
0.0015192799999999716,-0.0012084374519436415,1.998778390662117,4.135939915473005
0.0015202799999999715,-0.0012707845804786945,1.9987160487535,4.136046083850467
0.0015212799999999714,-0.0013330815406144766,1.9986537572729348,4.136152160145747
0.0015222799999999714,-0.0013953258729736194,1.998591518679584,4.136258140186482
0.0015232799999999713,-0.0014575151202564775,1.998529335430521,4.136364019804834
0.0015242799999999712,-0.001519646827338036,1.9984672099806366,4.13646979483764
0.0015252799999999711,-0.0015817185413649207,1.9984051447825375,4.136575461126591
0.001526279999999971,-0.0016437278118521285,1.9983431422864526,4.136681014518375
0.001527279999999971,-0.0017056721907798373,1.9982812049401346,4.136786450864856
0.0015282799999999709,-0.0017675492326900324,1.998219335188766,4.1368917660232185
0.0015292799999999708,-0.0018293564947830501,1.9981575354748602,4.136996955856135
0.0015302799999999707,-0.0018910915370140141,1.9980958082381637,4.137102016231931
0.0015312799999999706,-0.0019527519221891638,1.9980341559155634,4.137206943024739
0.0015322799999999705,-0.0020143352160620727,1.9979725809409892,4.137311732114658
0.0015332799999999704,-0.002075838987429745,1.9979110857453164,4.13741637938791
0.0015342799999999704,-0.0021372608082286,1.997849672756271,4.137520880737012
0.0015352799999999703,-0.0021985982536303055,1.9977883443983342,4.137625232060915
0.0015362799999999702,-0.0022598489021375782,1.9977271030926451,4.137729429265176
0.00153727999999997,-0.002321010335679675,1.9976659512569062,4.137833468262115
0.00153827999999997,-0.0023820801397079435,1.997604891305289,4.137937344970961
0.00153927999999997,-0.002443055903291036,1.9975439256483376,4.138041055318025
0.0015402799999999699,-0.0025039352192102655,1.9974830566928725,4.138144595236842
0.0015412799999999698,-0.0025647156840544645,1.9974222868418963,4.1382479606683376
0.0015422799999999697,-0.0026253948983149538,1.9973616184944998,4.138351147560978
0.0015432799999999696,-0.0026859704664802535,1.997301054045767,4.138454151870928
0.0015442799999999695,-0.0027464399971306548,1.9972405958866795,4.138556969562203
0.0015452799999999694,-0.002806801103032611,1.9971802464040234,4.138659596606828
0.0015462799999999693,-0.0028670514012330496,1.9971200079802935,4.138762028984988
0.0015472799999999693,-0.0029271885131533625,1.9970598829936008,4.138864262685182
0.0015482799999999692,-0.0029872100646833096,1.9969998738175783,4.138966293704379
0.001549279999999969,-0.003047113686274825,1.9969399828212853,4.13906811804817
0.001550279999999969,-0.0031068970130354845,1.9968802123691185,4.139169731730915
0.001551279999999969,-0.0031665576848219456,1.9968205648207136,4.139271130775902
0.0015522799999999688,-0.003226093346333025,1.9967610425308537,4.139372311215499
0.0015532799999999688,-0.003285501647202748,1.996701647849379,4.1394732690912965
0.0015542799999999687,-0.0033447802420931193,1.996642383121091,4.1395740004542665
0.0015552799999999686,-0.0034039267907867146,1.996583250685661,4.139674501364908
0.0015562799999999685,-0.003462938958279065,1.9965242528775364,4.139774767893401
0.0015572799999999684,-0.003521814414870844,1.9964653920258513,4.139874796119751
0.0015582799999999683,-0.003580550836259836,1.996406670454332,4.1399745821339415
0.0015592799999999683,-0.003639145903632698,1.9963480904812072,4.140074122036076
0.0015602799999999682,-0.0036975973037564835,1.996289654419115,4.1401734119365345
0.001561279999999968,-0.003755902729070034,1.996231364575012,4.140272447956114
0.001562279999999968,-0.0038140598777749763,1.9961732232500826,4.140371226226182
0.001563279999999968,-0.003872066453926661,1.9961152327396472,4.140469742888812
0.0015642799999999678,-0.003929920167524801,1.996057395333074,4.14056799409694
0.0015652799999999677,-0.0039876187346037945,1.9959997133136855,4.140665976014502
0.0015662799999999677,-0.00404515987732306,1.99594218895867,4.140763684816587
0.0015672799999999676,-0.004102541324056791,1.9958848245389915,4.140861116689571
0.0015682799999999675,-0.004159760809483726,1.9958276223193003,4.140958267831269
0.0015692799999999674,-0.004216816074676552,1.9957705845578435,4.141055134451072
0.0015702799999999673,-0.004273704867191096,1.9957137135063752,4.141151712770098
0.0015712799999999672,-0.0043304249411552235,1.9956570114100678,4.1412479990213225
0.0015722799999999672,-0.00438697405735758,1.9956004805074243,4.141343989449728
0.001573279999999967,-0.004443349983335839,1.9955441230301887,4.141439680312449
0.001574279999999967,-0.004499550493464989,1.9954879412032596,4.141535067878895
0.001575279999999967,-0.004555573369045123,1.9954319372445997,4.1416301484309095
0.0015762799999999668,-0.0046114163983890216,1.9953761133651509,4.141724918262902
0.0015772799999999667,-0.004667077376909538,1.995320471768745,4.141819373681983
0.0015782799999999667,-0.00472255410720653,1.995265014652018,4.141913511008107
0.0015792799999999666,-0.004777844399153676,1.9952097442043237,4.142007326574206
0.0015802799999999665,-0.004832946069984924,1.9951546626076448,4.142100816726336
0.0015812799999999664,-0.00488785694438066,1.99509977203651,4.142193977823797
0.0015822799999999663,-0.004942574854553582,1.9950450746579063,4.142286806239284
0.0015832799999999662,-0.004997097640334291,1.994990572631194,4.142379298359014
0.0015842799999999661,-0.00505142314925656,1.9949362681080198,4.142471450582864
0.001585279999999966,-0.005105549236642319,1.9948821632322358,4.142563259324503
0.001586279999999966,-0.0051594737656863,1.9948282601398095,4.142654721011531
0.001587279999999966,-0.0052131946075404615,1.9947745609587453,4.142745832085599
0.0015882799999999658,-0.005266709641397936,1.9947210678089948,4.142836589002557
0.0015892799999999657,-0.005320016754576835,1.9946677828023778,4.142926988232573
0.0015902799999999656,-0.005373113842603576,1.9946147080424956,4.1430170262602735
0.0015912799999999656,-0.00542599880929604,1.9945618456246503,4.143106699584864
0.0015922799999999655,-0.005478669566846327,1.9945091976357603,4.14319600472027
0.0015932799999999654,-0.005531124035903099,1.9944567661542794,4.143284938195256
0.0015942799999999653,-0.0055833601456537355,1.9944045532501136,4.143373496553558
0.0015952799999999652,-0.0056353758339060655,1.9943525609845403,4.143461676354014
0.0015962799999999651,-0.005687169047169781,1.9943007914101254,4.143549474170688
0.001597279999999965,-0.005738737740737494,1.9942492465706456,4.143636886592994
0.001598279999999965,-0.005790079878765524,1.994197928501003,4.143723910225828
0.0015992799999999649,-0.0058411934343541305,1.9941468392271489,4.143810541689689
0.0016002799999999648,-0.005892076389627674,1.9940959807660001,4.143896777620807
0.0016012799999999647,-0.005942726735814192,1.9940453551253643,4.14398261467126
0.0016022799999999646,-0.005993142473324773,1.993994964303855,4.144068049509106
0.0016032799999999646,-0.006043321611832409,1.9939448102908173,4.1441530788184995
0.0016042799999999645,-0.006093262170350635,1.993894895066247,4.1442376992998184
0.0016052799999999644,-0.006142962177311711,1.9938452206007122,4.1443219076697755
0.0016062799999999643,-0.006192419670644464,1.9937957888552764,4.144405700661556
0.0016072799999999642,-0.00624163269785174,1.9937466017814227,4.144489075024915
0.0016082799999999641,-0.006290599316087492,1.9936976613209727,4.144572027526318
0.001609279999999964,-0.0063393175922334755,1.9936489694060135,4.144654554949047
0.001610279999999964,-0.006387785602975569,1.9936005279588196,4.14473665409332
0.0016112799999999639,-0.006436001434879697,1.9935523388917762,4.144818321776413
0.0016122799999999638,-0.006483963184467362,1.9935044041073071,4.144899554832772
0.0016132799999999637,-0.006531668958290842,1.993456725497797,4.144980350114127
0.0016142799999999636,-0.006579116873007856,1.993409304945517,4.1450607044896115
0.0016152799999999635,-0.006626305055455991,1.99336214432255,4.145140614845876
0.0016162799999999635,-0.006673231642726561,1.9933152454907181,4.145220078087198
0.0016172799999999634,-0.006719894782238293,1.9932686103015067,4.1452990911356045
0.0016182799999999633,-0.006766292631810324,1.9932222405959956,4.145377650930967
0.0016192799999999632,-0.006812423359735,1.9931761382047826,4.145455754431131
0.0016202799999999631,-0.006858285144850171,1.9931303049479117,4.145533398612013
0.001621279999999963,-0.006903876176611088,1.9930847426348022,4.145610580467726
0.001622279999999963,-0.00694919465516187,1.9930394530641773,4.145687297010668
0.0016232799999999629,-0.006994238791406619,1.9929944380239928,4.14576354527165
0.0016242799999999628,-0.007039006807079925,1.9929496992913673,4.145839322299989
0.0016252799999999627,-0.007083496934817198,1.9929052386325095,4.145914625163627
0.0016262799999999626,-0.007127707418224374,1.992861057802651,4.145989450949229
0.0016272799999999625,-0.007171636511947256,1.9928171585459773,4.146063796762294
0.0016282799999999624,-0.007215282481740467,1.9927735425955568,4.146137659727255
0.0016292799999999624,-0.007258643604535842,1.9927302116732728,4.146211036987586
0.0016302799999999623,-0.0073017181685104985,1.9926871674897582,4.146283925705908
0.0016312799999999622,-0.007344504473154405,1.992644411744324,4.146356323064084
0.0016322799999999621,-0.007387000829337519,1.9926019461248954,4.1464282262633265
0.001633279999999962,-0.007429205559376462,1.9925597723079436,4.146499632524302
0.001634279999999962,-0.007471116997100758,1.9925178919584194,4.146570539087222
0.0016352799999999619,-0.00751273348791861,1.9924763067296876,4.146640943211949
0.0016362799999999618,-0.007554053388882218,1.9924350182634638,4.146710842178097
0.0016372799999999617,-0.0075950750687526335,1.9923940281897476,4.146780233285117
0.0016382799999999616,-0.007635796908064199,1.992353338126757,4.146849113852417
0.0016392799999999615,-0.00767621729918841,1.9923129496808674,4.146917481219435
0.0016402799999999614,-0.007716334646397451,1.9922728644465455,4.146985332745749
0.0016412799999999614,-0.007756147365927123,1.9922330840062898,4.147052665811169
0.0016422799999999613,-0.007795653886039428,1.9921936099305653,4.147119477815825
0.0016432799999999612,-0.00783485264708462,1.9921544437777419,4.147185766180272
0.001644279999999961,-0.007873742101562723,1.992115587094033,4.14725152834557
0.001645279999999961,-0.007912320714184662,1.9920770414134354,4.147316761773385
0.001646279999999961,-0.007950586961932867,1.9920388082576674,4.147381463946082
0.0016472799999999609,-0.007988539334121402,1.99200088913611,4.147445632366799
0.0016482799999999608,-0.008026176332455585,1.9919632855457459,4.147509264559558
0.0016492799999999607,-0.008063496471091199,1.991925998971101,4.147572358069341
0.0016502799999999606,-0.00810049827669304,1.991889030884187,4.147634910462175
0.0016512799999999605,-0.008137180288493194,1.9918523827444419,4.1476969193252335
0.0016522799999999604,-0.00817354105834864,1.991816055998672,4.147758382266907
0.0016532799999999603,-0.008209579150798438,1.991780052080997,4.147819296916896
0.0016542799999999603,-0.008245293143120424,1.991744372412791,4.147879660926296
0.0016552799999999602,-0.008280681625387323,1.991709018402627,4.147939471967681
0.00165627999999996,-0.008315743200522448,1.9916739914462211,4.147998727735189
0.00165727999999996,-0.008350476484354852,1.99163929292638,4.148057425944594
0.00165827999999996,-0.008384880105673958,1.9916049242129426,4.1481155643333985
0.0016592799999999598,-0.008418952706283707,1.9915708866627275,4.148173140660914
0.0016602799999999598,-0.008452692941056168,1.9915371816194802,4.1482301527083285
0.0016612799999999597,-0.008486099477984645,1.9915038104138187,4.148286598278804
0.0016622799999999596,-0.00851917099823626,1.991470774363183,4.148342475197538
0.0016632799999999595,-0.008551906196204013,1.9914380747717793,4.148397781311852
0.0016642799999999594,-0.008584303779558359,1.9914057129305336,4.148452514491259
0.0016652799999999593,-0.008616362469298169,1.9913736901170371,4.14850667262755
0.0016662799999999593,-0.008648080999801275,1.991342007595497,4.148560253634855
0.0016672799999999592,-0.008679458118874389,1.9913106666166864,4.1486132554497335
0.001668279999999959,-0.008710492587802572,1.9912796684178942,4.148665676031236
0.001669279999999959,-0.00874118318139815,1.9912490142228767,4.148717513360976
0.001670279999999959,-0.00877152868804903,1.9912187052418104,4.1487687654432115
0.0016712799999999588,-0.008801527909766568,1.9911887426712434,4.1488194303049095
0.0016722799999999587,-0.008831179662232859,1.991159127694048,4.14886950599581
0.0016732799999999587,-0.008860482774847484,1.9911298614793729,4.148918990588505
0.0016742799999999586,-0.008889436090773738,1.9911009451825998,4.148967882178504
0.0016752799999999585,-0.008918038466984279,1.9910723799452954,4.1490161788843
0.0016762799999999584,-0.008946288774306272,1.9910441668951677,4.149063878847432
0.0016772799999999583,-0.008974185897465957,1.991016307146021,4.149110980232561
0.0016782799999999582,-0.009001728735132667,1.9909888017977107,4.14915748122753
0.0016792799999999582,-0.009028916199962352,1.990961651936103,4.149203380043416
0.001680279999999958,-0.009055747218640442,1.9909348586330282,4.149248674914619
0.001681279999999958,-0.009082220731924263,1.9909084229462413,4.1492933640989005
0.001682279999999958,-0.009108335694684841,1.9908823459193792,4.149337445877455
0.0016832799999999578,-0.009134091075948163,1.9908566285819191,4.149380918554973
0.0016842799999999577,-0.009159485858935874,1.9908312719491392,4.149423780459696
0.0016852799999999577,-0.009184519041105427,1.990806277022076,4.149466029943476
0.0016862799999999576,-0.009209189634189652,1.990781644787488,4.1495076653818375
0.0016872799999999575,-0.009233496664235778,1.990757376217815,4.14954868517403
0.0016882799999999574,-0.009257439171643879,1.9907334722711398,4.149589087743085
0.0016892799999999573,-0.009281016211204751,1.9907099338911498,4.149628871535877
0.0016902799999999572,-0.009304226852137257,1.9906867620071007,4.149668035023174
0.0016912799999999571,-0.009327070178125028,1.9906639575337806,4.1497065766996855
0.001692279999999957,-0.009349545287352677,1.9906415213714717,4.149744495084125
0.001693279999999957,-0.009371651292541354,1.9906194544059166,4.1497817887192605
0.001694279999999957,-0.009393387320983843,1.9905977575082825,4.149818456171962
0.0016952799999999568,-0.009414752514578958,1.9905764315351278,4.149854496033252
0.0016962799999999567,-0.009435746029865433,1.9905554773283651,4.14988990691836
0.0016972799999999566,-0.009456367038055236,1.990534895715232,4.149924687466765
0.0016982799999999566,-0.009476614725066269,1.9905146875082564,4.149958836342248
0.0016992799999999565,-0.009496488291554516,1.9904948535052245,4.149992352232938
0.0017002799999999564,-0.009515986952945614,1.9904753944891505,4.150025233851352
0.0017012799999999563,-0.009535109939465786,1.990456311228244,4.150057479934449
0.0017022799999999562,-0.00955385649617227,1.9904376044758805,4.150089089243674
0.0017032799999999561,-0.009572225882983107,1.9904192749705714,4.150120060564989
0.001704279999999956,-0.009590217374706356,1.9904013234359352,4.150150392708934
0.001705279999999956,-0.009607830261068739,1.990383750580669,4.150180084510652
0.0017062799999999559,-0.009625063846743656,1.9903665570985196,4.150209134829942
0.0017072799999999558,-0.009641917451378651,1.9903497436682585,4.15023754255129
0.0017082799999999557,-0.009658390409622275,1.990333310953652,4.150265306583916
0.0017092799999999556,-0.009674482071150337,1.9903172596034362,4.150292425861805
0.0017102799999999556,-0.0096901918006916,1.990301590251291,4.150318899343753
0.0017112799999999555,-0.009705518978052836,1.9902863035158178,4.15034472601339
0.0017122799999999554,-0.00972046299814333,1.990271400000512,4.150369904879231
0.0017132799999999553,-0.009735023270998755,1.9902568802937401,4.150394434974696
0.0017142799999999552,-0.00974919922180447,1.9902427449687154,4.15041831535816
0.0017152799999999551,-0.00976299029091821,1.9902289945834775,4.1504415451129715
0.001716279999999955,-0.009776395933892184,1.9902156296808697,4.150464123347493
0.001717279999999955,-0.009789415621494562,1.9902026507885167,4.150486049195123
0.0017182799999999549,-0.009802048839730364,1.990190058418804,4.15050732181434
0.0017192799999999548,-0.009814295089861768,1.9901778530688576,4.150527940388723
0.0017202799999999547,-0.009826153888427792,1.9901660352205253,4.150547904126979
0.0017212799999999546,-0.009837624767263369,1.9901546053403554,4.150567212262974
0.0017222799999999545,-0.009848707273517849,1.990143563879582,4.150585864055763
0.0017232799999999545,-0.009859400969672857,1.990132911274104,4.150603858789606
0.0017242799999999544,-0.00986970543355958,1.9901226479444694,4.150621195774001
0.0017252799999999543,-0.009879620258375427,1.9901127742958573,4.150637874343708
0.0017262799999999542,-0.0098891450527001,1.990103290718065,4.150653893858767
0.0017272799999999541,-0.009898279440511016,1.9900941975854871,4.1506692537045256
0.001728279999999954,-0.00990702306119819,1.9900854952571063,4.150683953291661
0.001729279999999954,-0.00991537556957845,1.990077184076478,4.15069799205619
0.0017302799999999539,-0.009923336635909061,1.990069264371713,4.150711369459504
0.0017312799999999538,-0.009930905945900764,1.9900617364554696,4.150724084988379
0.0017322799999999537,-0.009938083200730159,1.990054600624938,4.1507361381549925
0.0017332799999999536,-0.00994486811705151,1.9900478571618294,4.150747528496945
0.0017342799999999535,-0.009951260427007943,1.9900415063323653,4.150758255577274
0.0017352799999999534,-0.009957259878242005,1.9900355483872674,4.150768318984465
0.0017362799999999534,-0.009962866233905633,1.9900299835617454,4.150777718332478
0.0017372799999999533,-0.009968079272669508,1.9900248120754902,4.150786453260747
0.0017382799999999532,-0.009972898788731782,1.990020034132665,4.150794523434201
0.0017392799999999531,-0.009977324591826216,1.9900156499218957,4.150801928543274
0.001740279999999953,-0.009981356507229679,1.9900116596162647,4.150808668303912
0.001741279999999953,-0.009984994375769057,1.9900080633733028,4.15081474245759
0.0017422799999999529,-0.00998823805382753,1.990004861334984,4.150820150771318
0.0017432799999999528,-0.009991087413350239,1.9900020536277219,4.150824893037641
0.0017442799999999527,-0.009993542341849352,1.98999964036236,4.150828969074661
0.0017452799999999526,-0.009995602742408493,1.9899976216341715,4.150832378726032
0.0017462799999999525,-0.00999726853368658,1.9899959975228536,4.150835121860969
0.0017472799999999524,-0.009998539649921019,1.989994768092525,4.150837198374253
0.0017482799999999524,-0.009999416040930322,1.9899939333917211,4.150838608186238
0.0017492799999999523,-0.009999897672116074,1.9899934934533963,4.150839351242847
0.0017502799999999522,-0.009999984524464297,1.98999344829492,4.150839427515576
0.001751279999999952,-0.00999967659454621,1.989993797918075,4.150838837001499
0.001752279999999952,-0.009998973894518358,1.989994542309061,4.150837579723263
0.001753279999999952,-0.00999787645212214,1.9899956814384911,4.150835655729092
0.0017542799999999519,-0.009996384310682695,1.9899972152613963,4.150833065092779
0.0017552799999999518,-0.009994497529107218,1.9899991437172244,4.150829807913688
0.0017562799999999517,-0.009992216181882611,1.9900014667298445,4.150825884316754
0.0017572799999999516,-0.009989540359072558,1.9900041842075484,4.15082129445247
0.0017582799999999515,-0.009986470166313963,1.9900072960430566,4.150816038496888
0.0017592799999999514,-0.009983005724812779,1.99001080211352,4.150810116651609
0.0017602799999999513,-0.00997914717133922,1.9900147022805263,4.150803529143778
0.0017612799999999513,-0.009974894658222376,1.9900189963901043,4.150796276226082
0.0017622799999999512,-0.00997024835334418,1.9900236842727312,4.150788358176726
0.001763279999999951,-0.009965208440132793,1.9900287657433384,4.150779775299437
0.001764279999999951,-0.00995977511755536,1.9900342406013192,4.150770527923452
0.001765279999999951,-0.009953948600110151,1.9900401086305368,4.150760616403497
0.0017662799999999508,-0.009947729117818103,1.9900463695993327,4.150750041119785
0.0017672799999999508,-0.009941116916213723,1.9900530232605356,4.150738802478001
0.0017682799999999507,-0.009934112256335406,1.990060069351472,4.1507269009092775
0.0017692799999999506,-0.009926715414715138,1.9900675075939744,4.150714336870197
0.0017702799999999505,-0.009918926683367553,1.9900753376943947,4.150701110842763
0.0017712799999999504,-0.009910746369778437,1.9900835593436148,4.150687223334385
0.0017722799999999503,-0.009902174796892555,1.9900921722170597,4.150672674877868
0.0017732799999999503,-0.00989321230310093,1.9901011759747096,4.15065746603138
0.0017742799999999502,-0.00988385924222747,1.9901105702611124,4.150641597378447
0.00177527999999995,-0.009874115983515007,1.9901203547053976,4.150625069527927
0.00177627999999995,-0.00986398291161071,1.990130528921295,4.15060788311399
0.00177727999999995,-0.009853460426550904,1.9901410925071439,4.150590038796086
0.0017782799999999498,-0.009842548943745286,1.990152045045914,4.15057153725894
0.0017792799999999497,-0.009831248893960512,1.990163386105218,4.150552379212513
0.0017802799999999497,-0.0098195607233032,1.9901751152373308,4.150532565391988
0.0017812799999999496,-0.009807484893202316,1.9901872319792082,4.1505120965577325
0.0017822799999999495,-0.009795021880390949,1.9901997358525039,4.1504909734952795
0.0017832799999999494,-0.009782172176887507,1.9902126263635862,4.150469197015303
0.0017842799999999493,-0.009768936289976283,1.9902259030035616,4.150446767953584
0.0017852799999999492,-0.009755314742187427,1.9902395652482914,4.150423687170981
0.0017862799999999492,-0.009741308071276331,1.9902536125584156,4.150399955553404
0.001787279999999949,-0.009726916830202367,1.9902680443793705,4.15037557401178
0.001788279999999949,-0.009712141587107098,1.9902828601414142,4.150350543482024
0.001789279999999949,-0.009696982925291817,1.9902980592596469,4.150324864925004
0.0017902799999999488,-0.009681441443194543,1.990313641134035,4.1502985393265055
0.0017912799999999487,-0.009665517754366373,1.9903296051494335,4.150271567697205
0.0017922799999999487,-0.009649212487447281,1.9903459506756112,4.150243951072624
0.0017932799999999486,-0.009632526286141281,1.9903626770672764,4.150215690513103
0.0017942799999999485,-0.009615459809191026,1.9903797836641006,4.150186787103756
0.0017952799999999484,-0.009598013730351813,1.990397269790746,4.150157241954437
0.0017962799999999483,-0.009580188738364963,1.9904151347568908,4.150127056199702
0.0017972799999999482,-0.009561985536930627,1.990433377857257,4.150096230998765
0.0017982799999999481,-0.009543404844680034,1.9904519983716404,4.15006476753546
0.001799279999999948,-0.0095244473951471,1.9904709955649362,4.1500326670181975
0.001800279999999948,-0.009505113936739472,1.990490368687169,4.149999930679927
0.001801279999999948,-0.009485405232708985,1.9905101169735215,4.149966559778089
0.0018022799999999478,-0.00946532206112153,1.990530239644366,4.149932555594575
0.0018032799999999477,-0.009444865214826318,1.9905507359052956,4.149897919435677
0.0018042799999999476,-0.00942403550142463,1.9905716049471536,4.149862652632043
0.0018052799999999476,-0.00940283374323788,1.9905928459460676,4.149826756538637
0.0018062799999999475,-0.009381260777275177,1.9906144580634806,4.14979023253468
0.0018072799999999474,-0.009359317455200284,1.9906364404461838,4.149753082023614
0.0018082799999999473,-0.009337004643297973,1.9906587922263514,4.149715306433045
0.0018092799999999472,-0.009314323222439856,1.9906815125215749,4.149676907214692
0.0018102799999999471,-0.009291274088049596,1.990704600434897,4.1496378858443395
0.001811279999999947,-0.009267858150067546,1.9907280550548474,4.149598243821784
0.001812279999999947,-0.009244076332914847,1.9907518754554792,4.149557982670784
0.0018132799999999469,-0.009219929575456918,1.9907760606964042,4.149517103939001
0.0018142799999999468,-0.0091954188309664,1.9908006098228317,4.1494756091979506
0.0018152799999999467,-0.009170545067085515,1.9908255218656052,4.149433500042944
0.0018162799999999466,-0.009145309265787868,1.9908507958412414,4.149390778093031
0.0018172799999999466,-0.009119712423339692,1.9908764307519677,4.149347444990943
0.0018182799999999465,-0.009093755550260485,1.9909024255857637,4.149303502403042
0.0018192799999999464,-0.00906743967128316,1.9909287793163981,4.149258952019249
0.0018202799999999463,-0.009040765825313544,1.990955490903472,4.149213795552999
0.0018212799999999462,-0.009013735065389425,1.9909825592924582,4.149168034741168
0.0018222799999999461,-0.00898634845863892,1.991009983414745,4.149121671344019
0.001823279999999946,-0.008958607086238352,1.9910377621876765,4.149074707145133
0.001824279999999946,-0.008930512043369612,1.9910658945145947,4.149027143951358
0.0018252799999999459,-0.008902064439176885,1.9910943792848845,4.148978983592736
0.0018262799999999458,-0.008873265396722877,1.991123215374017,4.148930227922436
0.0018272799999999457,-0.008844116052944469,1.9911524016435942,4.148880878816696
0.0018282799999999456,-0.008814617558607844,1.9911819369413926,4.148830938174752
0.0018292799999999455,-0.008784771078263046,1.9912118201014106,4.148780407918774
0.0018302799999999455,-0.008754577790198018,1.9912420499439136,4.148729289993792
0.0018312799999999454,-0.008724038886392069,1.9912726252754798,4.148677586367635
0.0018322799999999453,-0.008693155572468842,1.991303544889049,4.1486252990308525
0.0018332799999999452,-0.008661929067648674,1.991334807563968,4.148572429996653
0.0018342799999999451,-0.008630360604700512,1.9913664120660417,4.148518981300827
0.001835279999999945,-0.00859845142989322,1.9913983571475795,4.148464955001677
0.001836279999999945,-0.008566202802946383,1.9914306415474454,4.148410353179939
0.0018372799999999449,-0.008533615996980574,1.9914632639911078,4.1483551779387176
0.0018382799999999448,-0.008500692298467097,1.99149622319069,4.1482994314034025
0.0018392799999999447,-0.008467433007177191,1.99152951784502,4.148243115721602
0.0018402799999999446,-0.00843383943613073,1.9915631466396824,4.14818623306306
0.0018412799999999445,-0.008399912911544377,1.9915971082470711,4.148128785619582
0.0018422799999999444,-0.008365654772779231,1.9916314013264416,4.148070775604951
0.0018432799999999444,-0.008331066372287962,1.9916660245239626,4.148012205254855
0.0018442799999999443,-0.008296149075561374,1.9917009764727704,4.147953076826811
0.0018452799999999442,-0.008260904261074557,1.9917362557930238,4.147893392600071
0.0018462799999999441,-0.008225333320232455,1.991771861091956,4.147833154875556
0.001847279999999944,-0.008189437657314898,1.9918077909639318,4.147772365975764
0.001848279999999944,-0.008153218689421203,1.9918440439905027,4.147711028244688
0.0018492799999999439,-0.008116677846414186,1.991880618740462,4.1476491440477385
0.0018502799999999438,-0.008079816570863771,1.9919175137699034,4.147586715771649
0.0018512799999999437,-0.008042636317990001,1.9919547276222749,4.147523745824401
0.0018522799999999436,-0.008005138555605596,1.9919922588284376,4.147460236635135
0.0018532799999999435,-0.007967324764058007,1.9920301059067258,4.147396190654054
0.0018542799999999434,-0.00792919643617098,1.9920682673630017,4.1473316103523565
0.0018552799999999434,-0.007890755077185611,1.992106741690718,4.147266498222121
0.0018562799999999433,-0.007852002204700932,1.9921455273709756,4.147200856776238
0.0018572799999999432,-0.007812939348613993,1.9921846228725826,4.147134688548316
0.001858279999999943,-0.007773568051059477,1.9922240266521174,4.147067996092579
0.001859279999999943,-0.007733889866348773,1.992263737153987,4.14700078198379
0.001860279999999943,-0.007693906360908687,1.9923037528104903,4.14693304881715
0.0018612799999999428,-0.007653619113219551,1.992344072041878,4.146864799208206
0.0018622799999999428,-0.007613029713752907,1.9923846932564164,4.146796035792759
0.0018632799999999427,-0.007572139764908783,1.9924256148504516,4.146726761226767
0.0018642799999999426,-0.007530950880952308,1.9924668352084707,4.146656978186246
0.0018652799999999425,-0.007489464687950108,1.9925083527031646,4.146586689367185
0.0018662799999999424,-0.007447682823706045,1.9925501656954958,4.146515897485434
0.0018672799999999423,-0.007405606937696576,1.9925922725347593,4.146444605276624
0.0018682799999999423,-0.007363238691005638,1.9926346715586505,4.146372815496049
0.0018692799999999422,-0.007320579756259076,1.9926773610933293,4.146300530918581
0.001870279999999942,-0.007277631817558564,1.9927203394534865,4.146227754338562
0.001871279999999942,-0.007234396570415184,1.992763604942412,4.146154488569707
0.001872279999999942,-0.007190875721682489,1.9928071558520597,4.146080736444999
0.0018732799999999418,-0.0071470709894890655,1.992850990463115,4.146006500816592
0.0018742799999999418,-0.007102984103170709,1.9928951070450636,4.1459317845556996
0.0018752799999999417,-0.007058616803202218,1.992939503856259,4.145856590552501
0.0018762799999999416,-0.007013970841128623,1.9929841791439935,4.145780921716026
0.0018772799999999415,-0.006969047979496062,1.993029131144563,4.145704780974062
0.0018782799999999414,-0.006923849991782193,1.9930743580833408,4.14562817127303
0.0018792799999999413,-0.0068783786623261775,1.9931198581748462,4.1455510955779
0.0018802799999999413,-0.006832635786258244,1.9931656296228144,4.1454735568720595
0.0018812799999999412,-0.006786623169428817,1.9932116706202685,4.145395558157226
0.001882279999999941,-0.006740342628337221,1.9932579793495895,4.145317102453326
0.001883279999999941,-0.006693795990059972,1.9933045539825889,4.145238192798389
0.001884279999999941,-0.006646985092178663,1.993351392680581,4.145158832248432
0.0018852799999999408,-0.006599911782707365,1.993398493594456,4.1450790238773605
0.0018862799999999407,-0.006552577920019745,1.993445854864751,4.144998770776839
0.0018872799999999407,-0.006504985372775651,1.9934934746217252,4.144918076056195
0.0018882799999999406,-0.0064571360198473595,1.993541350985434,4.144836942842293
0.0018892799999999405,-0.0064090317502453935,1.9935894820658009,4.144755374279428
0.0018902799999999404,-0.006360674463043947,1.993637865962694,4.144673373529209
0.0018912799999999403,-0.0063120660673059185,1.9936865007660012,4.144590943770441
0.0018922799999999402,-0.006263208482007542,1.993735384555705,4.144508088199011
0.0018932799999999402,-0.006214103635962626,1.993784515401959,4.144424810027767
0.00189427999999994,-0.006164753467746426,1.9938338913651619,4.14434111248641
0.00189527999999994,-0.006115159925619053,1.993883510496036,4.144256998821366
0.00189627999999994,-0.006065324967448635,1.9939333708357043,4.144172472295668
0.0018972799999999398,-0.006015250560634015,1.993983470415767,4.1440875361888425
0.0018982799999999397,-0.00596493868202702,1.9940338072583788,4.144002193796785
0.0018992799999999397,-0.005914391317854485,1.9940843793763294,4.143916448431638
0.0019002799999999396,-0.0058636104636397655,1.9941351847731197,4.143830303421669
0.0019012799999999395,-0.005812598124124051,1.9941862214430395,4.14374376211115
0.0019022799999999394,-0.005761356313187159,1.99423748737125,4.143656827860239
0.0019032799999999393,-0.005709887053768045,1.9942889805338613,4.143569504044843
0.0019042799999999392,-0.00565819237778494,1.9943406988980126,4.143481794056506
0.0019052799999999391,-0.0056062743260551365,1.9943926404219525,4.143393701302282
0.001906279999999939,-0.005554134948214421,1.99444480305512,4.143305229204602
0.001907279999999939,-0.005501776302636151,1.9944971847382242,4.143216381201155
0.001908279999999939,-0.005449200456350004,1.994549783403327,4.14312716074476
0.0019092799999999388,-0.005396409484960367,1.9946025969739243,4.1430375713032355
0.0019102799999999387,-0.0053434054725644085,1.9946556233650279,4.142947616359273
0.0019112799999999386,-0.005290190511669757,1.9947088604832481,4.142857299410305
0.0019122799999999386,-0.0052367667031119605,1.9947623062268758,4.142766623968382
0.0019132799999999385,-0.005183136155971491,1.994815958485965,4.142675593560035
0.0019142799999999384,-0.005129300987490565,1.9948698151424178,4.142584211726152
0.0019152799999999383,-0.005075263322989408,1.994923874070067,4.142492482021837
0.0019162799999999382,-0.005021025295782501,1.9949781331347594,4.142400408016291
0.0019172799999999381,-0.00496658904709429,1.9950325901944412,4.142307993292667
0.001918279999999938,-0.004911956725974662,1.9950872430992415,4.142215241447942
0.001919279999999938,-0.00485713048921411,1.9951420896915586,4.142122156092783
0.0019202799999999379,-0.004802112501258598,1.995197127806145,4.142028740851411
0.0019212799999999378,-0.004746904934124055,1.9952523552701904,4.141934999361472
0.0019222799999999377,-0.004691509967310699,1.9953077699034096,4.14184093527389
0.0019232799999999376,-0.004635929787717003,1.9953633695181294,4.141746552252743
0.0019242799999999376,-0.004580166589553271,1.9954191519193738,4.141651853975114
0.0019252799999999375,-0.0045242225742551,1.9954751149049492,4.1415568441309665
0.0019262799999999374,-0.004468099950396391,1.9955312562655345,4.141461526422999
0.0019272799999999373,-0.004411800933602253,1.9955875737847661,4.1413659045665
0.0019282799999999372,-0.004355327746461471,1.9956440652393264,4.141269982289223
0.0019292799999999371,-0.004298682618438773,1.9957007283990291,4.141173763331242
0.001930279999999937,-0.0042418677857868235,1.995757561026912,4.141077251444802
0.001931279999999937,-0.004184885491457931,1.9958145608793207,4.140980450394192
0.0019322799999999369,-0.004127737985015509,1.995871725706,4.140883363955593
0.0019332799999999368,-0.004070427522545257,1.995929053250181,4.14078599591694
0.0019342799999999367,-0.004012956366566103,1.9959865412486713,4.140688350077785
0.0019352799999999366,-0.003955326785940896,1.9960441874319452,4.140590430249142
0.0019362799999999365,-0.0038975410557867676,1.996101989524231,4.140492240253352
0.0019372799999999365,-0.003839601457385416,1.996159945243601,4.140393783923939
0.0019382799999999364,-0.003781510278092978,1.996218052302065,4.140295065105463
0.0019392799999999363,-0.0037232698112497267,1.9962763084056565,4.140196087653372
0.0019402799999999362,-0.0036648823560896195,1.9963347112545253,4.140096855433866
0.0019412799999999361,-0.0036063502176493607,1.9963932585430282,4.139997372323738
0.001942279999999936,-0.00354767570667757,1.9964519479598195,4.13989764221024
0.001943279999999936,-0.003488861139543474,1.9965107771879427,4.139797668990923
0.0019442799999999359,-0.003429908838145475,1.9965697439049224,4.139697456573504
0.0019452799999999358,-0.003370821129819492,1.9966288457828534,4.139597008875705
0.0019462799999999357,-0.0033116003472470896,1.9966880804884963,4.13949632982511
0.0019472799999999356,-0.0032522488283633294,1.9967474456833676,4.139395423359019
0.0019482799999999355,-0.0031927689162645507,1.9968069390238314,4.139294293424293
0.0019492799999999354,-0.003133162959115871,1.9968665581611942,4.139192943977204
0.0019502799999999354,-0.003073433310058417,1.996926300741796,4.139091378983286
0.0019512799999999353,-0.003013582327116425,1.9969861644071025,4.13898960241719
0.0019522799999999352,-0.0029536123731042376,1.9970461467938005,4.13888761826252
0.0019532799999999353,-0.002893525815532938,1.997106245533888,4.138785430511695
0.0019542799999999355,-0.002833325026516968,1.9971664582547708,4.138683043165788
0.0019552799999999356,-0.002773012382680363,1.9972267825793553,4.138580460234371
0.0019562799999999357,-0.0027125902650630483,1.9972872161261421,4.138477685735368
0.001957279999999936,-0.002652061059026767,1.9973477565093192,4.138374723694902
0.001958279999999936,-0.0025914271541609313,1.9974084013388564,4.138271578147138
0.001959279999999936,-0.0025306909441883004,1.9974691482206013,4.138168253134126
0.0019602799999999363,-0.0024698548268704125,1.997529994756371,4.138064752705653
0.0019612799999999364,-0.002408921203913046,1.997590938544051,4.137961080919081
0.0019622799999999365,-0.002347892480871265,1.9976519771776853,4.137857241839196
0.0019632799999999367,-0.0022867710670545754,1.9977131082475739,4.137753239538047
0.001964279999999937,-0.0022255593754317553,1.9977743293403685,4.137649078094799
0.001965279999999937,-0.0021642598225355436,1.9978356380391662,4.137544761595562
0.001966279999999937,-0.0021028748283673446,1.9978970319236058,4.137440294133247
0.001967279999999937,-0.0020414068163016373,1.9979585085699623,4.137335679807402
0.0019682799999999373,-0.0019798582129902363,1.9980200655512448,4.137230922724054
0.0019692799999999375,-0.001918231448266681,1.9980817004372895,4.1371260269955545
0.0019702799999999376,-0.0018565289550500695,1.9981434107948577,4.1370209967404135
0.0019712799999999377,-0.0017947531692492165,1.9982051941877317,4.136915836083148
0.001972279999999938,-0.0017329065296663338,1.99826704817681,4.136810549154121
0.001973279999999938,-0.0016709914779008711,1.9983289703202036,4.1367051400893775
0.001974279999999938,-0.001609010458253074,1.9983909581733343,4.136599613030488
0.0019752799999999382,-0.0015469659176274347,1.9984530092890285,4.136493972124388
0.0019762799999999384,-0.0014848603054362151,1.9985151212176149,4.136388221523219
0.0019772799999999385,-0.0014226960735026074,1.9985772915070221,4.136282365384159
0.0019782799999999386,-0.0013604756759640457,1.9986395177028748,4.136176407869276
0.0019792799999999388,-0.0012982015691753398,1.99870179734859,4.136070353145353
0.001980279999999939,-0.0012358762116115424,1.9987641279854764,4.135964205383728
0.001981279999999939,-0.0011735020637710872,1.9988265071528273,4.135857968760136
0.001982279999999939,-0.0011110815880784942,1.9988889323880201,4.135751647454552
0.0019832799999999393,-0.00104861724878728,1.998951401226616,4.135645245651014
0.0019842799999999394,-0.0009861115118826218,1.9990139112024534,4.135538767537465
0.0019852799999999396,-0.0009235668449839501,1.9990764598477466,4.1354322173056
0.0019862799999999397,-0.000860985717247656,1.9991390446931823,4.135325599150688
0.00198727999999994,-0.0007983705992694708,1.9992016632680185,4.135218917271418
0.00198827999999994,-0.0007357239629870557,1.999264313100184,4.135112175869727
0.00198927999999994,-0.0006730482815823433,1.999326991716371,4.135005379150643
0.0019902799999999402,-0.0006103460293839172,1.9993896966421365,4.134898531322116
0.0019912799999999404,-0.0005476196817693486,1.9994524254019976,4.134791636594856
0.0019922799999999405,-0.00048487171506740096,1.9995151755195313,4.1346846991821655
0.0019932799999999406,-0.0004221046064603759,1.9995779445174722,4.1345777232997705
0.0019942799999999408,-0.00035932083388626434,1.9996407299178083,4.1344707131656655
0.001995279999999941,-0.00029652287594086906,1.9997035292418808,4.1343636729999425
0.001996279999999941,-0.00023371321178007783,1.999766340010481,4.134256607024618
0.001997279999999941,-0.0001708943210218489,1.9998291597439481,4.134149519463478
0.0019982799999999413,-0.00010806868364844396,1.9998919859622684,4.134042414541904
0.0019992799999999414,-4.523877990846959e-05,1.9999548161851706,4.1339352964867135
0.0020002799999999416,1.7592909781092144e-05,2.000017647932227,4.133828169525986
0.0020012799999999417,8.042390493269962e-05,2.0000804787229485,4.133721037888898
0.002002279999999942,0.00014325172508623034,2.0001433060768843,4.133613905805564
0.002003279999999942,0.0002060738899069587,2.000206127513719,4.133506777506858
0.002004279999999942,0.00026888791928335077,2.000268940553371,4.133399657224252
0.0020052799999999422,0.0003316913334251349,2.0003317427160896,4.133292549189646
0.0020062799999999424,0.0003944816529610042,2.000394531522554,4.133185457635207
0.0020072799999999425,0.00045725639903665757,2.000457304493972,4.133078386793191
0.0020082799999999426,0.0005200130934126431,2.000520059152174,4.132971340895785
0.0020092799999999428,0.000582749258562088,2.000582793019715,4.1328643241749345
0.002010279999999943,0.0006454624177686668,2.00064550361997,4.13275734086217
0.002011279999999943,0.0007081500952241477,2.0007081884772338,4.1326503951884535
0.002012279999999943,0.0007708098161264696,2.0007708451168162,4.132543491383995
0.0020132799999999433,0.0008334391067770531,2.000833471065142,4.132436633678089
0.0020142799999999434,0.0008960354946787949,2.000896063849846,4.132329826298958
0.0020152799999999436,0.0009585965086334478,2.000958620999875,4.132223073473559
0.0020162799999999437,0.0010211196788393376,2.001021140045579,4.132116379427443
0.002017279999999944,0.0010836025369887613,2.0010836185188148,4.132009748384568
0.002018279999999944,0.0011460426163653965,2.001146053953041,4.131903184567132
0.002019279999999944,0.0012084374519419298,2.001208443883414,4.131796692195412
0.0020202799999999442,0.0012707845804770016,2.0012707858468874,4.1316902754875935
0.0020212799999999444,0.0013330815406127855,2.0013330773823084,4.131583938659592
0.0020222799999999445,0.0013953258729719295,2.001395316030515,4.131477685924894
0.0020232799999999446,0.0014575151202548067,2.0014574993344327,4.131371521494391
0.0020242799999999448,0.0015196468273363842,2.001519624839173,4.1312654495762
0.002025279999999945,0.001581718541363306,2.0015816900921273,4.131159474375502
0.002026279999999945,0.0016437278118505328,2.001643692643067,4.131053600094369
0.002027279999999945,0.0017056721907782433,2.001705630044239,4.130947830931603
0.0020282799999999453,0.0017675492326884577,2.0017674998504615,4.130842171082556
0.0020292799999999454,0.0018293564947814772,2.0018292996192226,4.130736624738967
0.0020302799999999455,0.0018910915370124605,2.0018910269107733,4.130631196088796
0.0020312799999999457,0.0019527519221876123,2.001952679288227,4.130525889316055
0.002032279999999946,0.0020143352160605574,2.002014254317655,4.13042070860063
0.002033279999999946,0.0020758389874282325,2.0020757495681814,4.130315658118122
0.002034279999999946,0.0021372608082271065,2.0021371626120805,4.1302107420396785
0.002035279999999946,0.0021985982536288314,2.0021984910248705,4.130105964531822
0.0020362799999999463,0.0022598489021361232,2.0022597323854123,4.130001329756277
0.0020372799999999465,0.0023210103356782574,2.002320884276003,4.1298968418698125
0.0020382799999999466,0.0023820801397064933,2.002381944282473,4.129792505024063
0.0020392799999999467,0.0024430559032896397,2.002442909994277,4.129688323365366
0.002040279999999947,0.0025039352192088716,2.0025037790045945,4.1295843010346
0.002041279999999947,0.00256471568405309,2.002564548910422,4.129480442167002
0.002042279999999947,0.002625394898313581,2.0026252173126697,4.129376750892009
0.0020432799999999473,0.0026859704664789004,2.0026857818162545,4.129273231333088
0.0020442799999999474,0.0027464399971293043,2.0027462400301923,4.129169887607579
0.0020452799999999475,0.002806801103031297,2.002806589567699,4.129066723826503
0.0020462799999999477,0.0028670514012317377,2.0028668280462796,4.12896374409442
0.002047279999999948,0.002927188513152071,2.0029269530878233,4.128860952509248
0.002048279999999948,0.0029872100646820368,2.002986962318696,4.128758353162102
0.002049279999999948,0.003047113686273555,2.0030468533698382,4.128655950137123
0.002050279999999948,0.0031068970130342507,2.003106623876854,4.128553747511314
0.0020512799999999483,0.0031665576848207144,2.0031662714801075,4.128451749354375
0.0020522799999999485,0.0032260933463318306,2.0032257938248157,4.12834995972853
0.0020532799999999486,0.003285501647201539,2.0032851885611396,4.128248382688369
0.0020542799999999487,0.0033447802420919466,2.0033444533442766,4.12814702228068
0.002055279999999949,0.003403926790785544,2.0034035858345556,4.128045882544285
0.002056279999999949,0.003462938958277914,2.0034625836975284,4.1279449675098645
0.002057279999999949,0.0035218144148696957,2.0035214446040617,4.127844281199808
0.0020582799999999493,0.0035805508362587073,2.003580166230429,4.127743827628034
0.0020592799999999494,0.0036391459036316048,2.003638746258401,4.127643610799841
0.0020602799999999495,0.0036975973037554097,2.00369718237534,4.127543634711729
0.0020612799999999497,0.0037559027290689794,2.0037554722742903,4.127443903351239
0.00206227999999995,0.0038140598777739246,2.0038136136540663,4.127344420696799
0.00206327999999995,0.003872066453925628,2.0038716042193476,4.127245190717546
0.00206427999999995,0.0039299201675237535,2.003929441680767,4.127146217373171
0.00206527999999995,0.003987618734602784,2.003987123755001,4.127047504613758
0.0020662799999999503,0.004045159877322051,2.004044648164862,4.126949056379613
0.0020672799999999505,0.004102541324055818,2.0041020126393865,4.126850876601106
0.0020682799999999506,0.004159760809482739,2.0041592149139227,4.126752969198515
0.0020692799999999507,0.004216816074675602,2.0042162527302247,4.126655338081852
0.002070279999999951,0.004273704867190164,2.0042731238365383,4.126557987150713
0.002071279999999951,0.004330424941154309,2.004329825987691,4.126460920294107
0.002072279999999951,0.004386974057356669,2.004386356945179,4.126364141390307
0.0020732799999999513,0.004443349983334931,2.0044427144772583,4.126267654306676
0.0020742799999999514,0.0044995504934641165,2.0044988963590313,4.126171462899516
0.0020752799999999515,0.004555573369044253,2.0045549003725354,4.126075571013907
0.0020762799999999517,0.004611416398388185,2.0046107243068283,4.125979982483544
0.002077279999999952,0.004667077376908703,2.004666365958077,4.1258847011305875
0.002078279999999952,0.004722554107205713,2.004721823129646,4.125789730765489
0.002079279999999952,0.004777844399152863,2.0047770936321836,4.125695075186846
0.002080279999999952,0.004832946069984131,2.0048321752837044,4.125600738181242
0.0020812799999999523,0.004887856944379899,2.004887065909681,4.125506723523086
0.0020822799999999525,0.004942574854552824,2.0049417633431257,4.125413034974459
0.0020832799999999526,0.004997097640333551,2.00499626542468,4.12531967628495
0.0020842799999999527,0.005051423149255822,2.0050505700026955,4.125226651191507
0.002085279999999953,0.005105549236641599,2.005104674933321,4.125133963418289
0.002086279999999953,0.005159473765685599,2.005158578080587,4.125041616676491
0.002087279999999953,0.005213194607539779,2.0052122773164927,4.124949614664201
0.0020882799999999532,0.005266709641397256,2.005265770521084,4.124857961066248
0.0020892799999999534,0.005320016754576173,2.0053190555825418,4.124766659554045
0.0020902799999999535,0.00537311384260293,2.0053721303972645,4.124675713785433
0.0020912799999999536,0.005425998809295412,2.005424992869951,4.124585127404531
0.0020922799999999538,0.0054786695668457164,2.005477640913681,4.124494904041585
0.002093279999999954,0.005531124035902492,2.0055300724500027,4.124405047312812
0.002094279999999954,0.00558336014565316,2.0055822854090084,4.124315560820254
0.002095279999999954,0.005635375833905477,2.005634277729421,4.124226448151626
0.0020962799999999543,0.005687169047169225,2.005686047358674,4.124137712880159
0.0020972799999999544,0.005738737740736954,2.0057375922529928,4.124049358564451
0.0020982799999999546,0.005790079878764988,2.0057889103774738,4.123961388748338
0.0020992799999999547,0.005841193434353596,2.0058399997061667,4.123873806960712
0.002100279999999955,0.0058920763896271565,2.0058908582221533,4.123786616715398
0.002101279999999955,0.0059427267358137205,2.0059414839176277,4.123699821511
0.002102279999999955,0.005993142473324302,2.005991874793975,4.123613424830749
0.0021032799999999552,0.006043321611831956,2.0060420288618506,4.123527430142362
0.0021042799999999554,0.006093262170350183,2.006091944141259,4.123441840897893
0.0021052799999999555,0.006142962177311277,2.0061416186616317,4.12335666053359
0.0021062799999999556,0.006192419670644031,2.0061910504619043,4.123271892469747
0.0021072799999999558,0.006241632697851322,2.0062402375905948,4.123187540110565
0.002108279999999956,0.006290599316087077,2.006289178105881,4.123103606844002
0.002109279999999956,0.00633931759223309,2.006337870075676,4.123020096041636
0.002110279999999956,0.0063877856029751715,2.0063863115777063,4.12293701105852
0.0021112799999999563,0.00643600143487933,2.006434500699585,4.122854355233039
0.0021122799999999564,0.006483963184467023,2.006482435538889,4.122772131886774
0.0021132799999999566,0.006531668958290505,2.0065301142032346,4.122690344324354
0.0021142799999999567,0.006579116873007535,2.0065775348103494,4.1226089958333265
0.002115279999999957,0.006626305055455658,2.006624695488151,4.122528089684006
0.002116279999999957,0.00667323164272627,2.0066715943748177,4.122447629129349
0.002117279999999957,0.0067198947822380015,2.006718229618863,4.122367617404803
0.0021182799999999572,0.006766292631810048,2.0067645993792076,4.122288057728182
0.0021192799999999574,0.006812423359734726,2.0068107018252554,4.122208953299518
0.0021202799999999575,0.006858285144849912,2.006856535136961,4.122130307300935
0.0021212799999999576,0.006903876176610831,2.006902097504904,4.1220521228965135
0.0021222799999999578,0.006949194655161639,2.006947387130362,4.121974403232144
0.002123279999999958,0.006994238791406402,2.006992402225379,4.121897151435415
0.002124279999999958,0.00703900680707971,2.0070371410128374,4.121820370615455
0.002125279999999958,0.007083496934816996,2.007081601726527,4.121744063862825
0.0021262799999999583,0.0071277074182241745,2.0071257826112174,4.121668234249366
0.0021272799999999584,0.007171636511947081,2.007169681922723,4.121592884828082
0.0021282799999999586,0.007215282481740294,2.0072132979279753,4.121518018633008
0.0021292799999999587,0.0072586436045356814,2.0072566289050906,4.121443638679072
0.002130279999999959,0.00730171816851034,2.007299673143436,4.121369747961982
0.002131279999999959,0.007344504473154272,2.0073424289437,4.121296349458084
0.002132279999999959,0.007387000829337387,2.007384894617959,4.1212234461242385
0.0021332799999999592,0.007429205559376342,2.007427068489742,4.1211510408977015
0.0021342799999999594,0.007471116997100651,2.0074689488940978,4.121079136695995
0.0021352799999999595,0.007512733487918503,2.0075105341776593,4.121007736416778
0.0021362799999999596,0.007554053388882136,2.0075518226987126,4.1209368429377315
0.0021372799999999598,0.007595075068752553,2.00759281282726,4.1208664591164235
0.00213827999999996,0.00763579690806414,2.0076335029450814,4.1207965877902035
0.00213927999999996,0.007676217299188353,2.007673891445801,4.1207272317760655
0.00214027999999996,0.007716334646397395,2.0077139767349514,4.120658393870537
0.0021412799999999603,0.007756147365927066,2.007753757230036,4.120590076849555
0.0021422799999999604,0.007795653886039394,2.0077932313605893,4.1205222834683495
0.0021432799999999605,0.007834852647084587,2.0078323975682415,4.120455016461322
0.0021442799999999607,0.007873742101562713,2.0078712543067785,4.120388278541937
0.002145279999999961,0.007912320714184662,2.007909800042204,4.120322072402596
0.002146279999999961,0.007950586961932867,2.0079480332528,4.120256400714523
0.002147279999999961,0.007988539334121412,2.007985952429185,4.12019126612766
0.002148279999999961,0.008026176332455604,2.008023556074377,4.12012667127054
0.0021492799999999613,0.008063496471091218,2.008060842703848,4.120062618750185
0.0021502799999999615,0.00810049827669306,2.008097810845588,4.119999111151987
0.0021512799999999616,0.008137180288493234,2.0081344590401593,4.119936151039598
0.0021522799999999617,0.00817354105834867,2.0081707858407545,4.119873740954827
0.002153279999999962,0.008209579150798499,2.0082067898132547,4.11981188341752
0.002154279999999962,0.008245293143120494,2.0082424695362864,4.1197505809254595
0.002155279999999962,0.008280681625387391,2.008277823601276,4.119689835954253
0.0021562799999999623,0.008315743200522528,2.0083128506125063,4.119629650957232
0.0021572799999999624,0.00835047648435493,2.008347549187173,4.119570028365335
0.0021582799999999625,0.008384880105674054,2.0083819179554365,4.119510970587018
0.0021592799999999627,0.008418952706283803,2.008415955560477,4.119452480008141
0.002160279999999963,0.00845269294105627,2.0084496606585485,4.119394558991868
0.002161279999999963,0.008486099477984746,2.008483031919034,4.11933720987856
0.002162279999999963,0.008519170998236372,2.0085160680244947,4.119280434985683
0.002163279999999963,0.00855190619620413,2.008548767670722,4.119224236607701
0.0021642799999999633,0.008584303779558485,2.008581129566791,4.119168617015987
0.0021652799999999635,0.008616362469298313,2.0086131524351107,4.119113578458707
0.0021662799999999636,0.008648080999801409,2.008644835011474,4.119059123160746
0.0021672799999999637,0.008679458118874528,2.008676176045108,4.119005253323588
0.002168279999999964,0.00871049258780272,2.0087071742987237,4.1189519711252425
0.002169279999999964,0.008741183181398304,2.008737828548564,4.118899278720133
0.002170279999999964,0.008771528688049183,2.0087681375844526,4.118847178239017
0.0021712799999999643,0.008801527909766736,2.0087981002098414,4.118795671788889
0.0021722799999999644,0.008831179662233015,2.008827715241859,4.118744761452883
0.0021732799999999645,0.008860482774847658,2.0088569815113555,4.118694449290196
0.0021742799999999647,0.008889436090773908,2.0088858978629496,4.118644737335984
0.002175279999999965,0.008918038466984456,2.008914463155075,4.1185956276012865
0.002176279999999965,0.008946288774306454,2.0089426762600238,4.118547122072932
0.002177279999999965,0.008974185897466135,2.0089705360639916,4.118499222713456
0.002178279999999965,0.009001728735132868,2.008998041467122,4.118451931461011
0.0021792799999999653,0.009028916199962541,2.0090251913835497,4.118405250229289
0.0021802799999999655,0.009055747218640645,2.0090519847414443,4.118359180907436
0.0021812799999999656,0.009082220731924464,2.0090784204830507,4.1183137253599655
0.0021822799999999657,0.009108335694685048,2.009104497564732,4.1182688854266845
0.002183279999999966,0.009134091075948366,2.009130214957011,4.11822466292261
0.002184279999999966,0.00915948585893608,2.009155571644611,4.118181059637891
0.002185279999999966,0.00918451904110563,2.0091805666264926,4.118138077337733
0.0021862799999999663,0.009209189634189867,2.0092051989158985,4.118095717762319
0.0021872799999999664,0.009233496664235997,2.00922946754039,4.118053982626732
0.0021882799999999665,0.009257439171644092,2.0092533715418837,4.118012873620883
0.0021892799999999667,0.009281016211204975,2.009276909976692,4.117972392409443
0.002190279999999967,0.00930422685213748,2.0093000819155593,4.117932540631758
0.002191279999999967,0.009327070178125254,2.0093228864436963,4.117893319901791
0.002192279999999967,0.00934954528735289,2.0093453226608218,4.117854731808043
0.002193279999999967,0.009371651292541581,2.009367389681193,4.117816777913487
0.0021942799999999673,0.009393387320984062,2.009389086633644,4.1177794597555
0.0021952799999999674,0.009414752514579185,2.0094104126616155,4.117742778845798
0.0021962799999999676,0.009435746029865657,2.009431366923195,4.117706736670366
0.0021972799999999677,0.009456367038055462,2.009451948591144,4.117671334689397
0.002198279999999968,0.009476614725066496,2.0094721568529357,4.117636574337226
0.002199279999999968,0.009496488291554743,2.009491990910783,4.117602457022272
0.002200279999999968,0.009515986952945844,2.009511449981672,4.11756898412697
0.0022012799999999682,0.00953510993946601,2.0095305332973936,4.117536157007716
0.0022022799999999684,0.009553856496172495,2.0095492401045725,4.117503976994804
0.0022032799999999685,0.009572225882983329,2.0095675696646964,4.1174724453923774
0.0022042799999999686,0.009590217374706582,2.009585521254148,4.117441563478356
0.0022052799999999688,0.009607830261068961,2.0096030941642278,4.117411332504395
0.002206279999999969,0.009625063846743876,2.0096202877011904,4.117381753695826
0.002207279999999969,0.009641917451378868,2.009637101186266,4.117352828251595
0.002208279999999969,0.009658390409622495,2.009653533955687,4.1173245573442285
0.0022092799999999693,0.009674482071150558,2.0096695853607165,4.117296942119765
0.0022102799999999694,0.009690191800691814,2.0096852547676742,4.117269983697712
0.0022112799999999696,0.00970551897805305,2.0097005415579603,4.117243683170996
0.0022122799999999697,0.009720462998143537,2.0097154451280788,4.1172180416059225
0.00221327999999997,0.009735023270998967,2.009729964889664,4.117193060042112
0.00221427999999997,0.009749199221804674,2.0097441002695007,4.117168739492475
0.00221527999999997,0.009762990290918417,2.0097578507095504,4.11714508094315
0.0022162799999999702,0.009776395933892386,2.00977121566697,4.117122085353477
0.0022172799999999704,0.009789415621494758,2.0097841946141344,4.117099753655943
0.0022182799999999705,0.009802048839730558,2.009796787038658,4.117078086756144
0.0022192799999999706,0.009814295089861957,2.009808992443415,4.117057085532748
0.0022202799999999708,0.009826153888427983,2.009820810346559,4.117036750837455
0.002221279999999971,0.009837624767263551,2.00983224028154,4.1170170834949635
0.002222279999999971,0.00984870727351803,2.009843281797124,4.11699808430293
0.002223279999999971,0.009859400969673032,2.0098539344574124,4.116979754031934
0.0022242799999999713,0.009869705433559752,2.009864197841857,4.11696209342545
0.0022252799999999714,0.009879620258375596,2.009874071545279,4.1169451031998054
0.0022262799999999716,0.009889145052700261,2.0098835551778818,4.116928784044157
0.0022272799999999717,0.00989827944051117,2.009892648365269,4.1169131366204645
0.002228279999999972,0.009907023061198342,2.0099013507484575,4.116898161563446
0.002229279999999972,0.009915375569578597,2.0099096619838943,4.116883859480567
0.002230279999999972,0.009923336635909205,2.0099175817434674,4.116870230952003
0.0022312799999999722,0.009930905945900901,2.0099251097145188,4.11685727653062
0.0022322799999999724,0.009938083200730289,2.0099322455998583,4.116844996741949
0.0022332799999999725,0.009944868117051635,2.009938989117774,4.1168333920841595
0.0022342799999999726,0.00995126042700806,2.0099453400020453,4.116822463028044
0.0022352799999999728,0.00995725987824212,2.0099512980019507,4.116812210016994
0.002236279999999973,0.00996286623390574,2.00995686288228,4.116802633466977
0.002237279999999973,0.009968079272669607,2.009962034423342,4.116793733766525
0.002238279999999973,0.009972898788731874,2.009966812420974,4.116785511276716
0.0022392799999999733,0.0099773245918263,2.0099711966865494,4.116777966331153
0.0022402799999999734,0.009981356507229757,2.009975187046987,4.116771099235953
0.0022412799999999736,0.009984994375769128,2.0099787833447555,4.116764910269738
0.0022422799999999737,0.009988238053827593,2.00998198543788,4.116759399683613
0.002243279999999974,0.009991087413350294,2.0099847931999473,4.116754567701167
0.002244279999999974,0.0099935423418494,2.009987206520114,4.116750414518454
0.002245279999999974,0.009995602742408533,2.009989225303107,4.116746940303983
0.0022462799999999742,0.00999726853368661,2.009990849469229,4.116744145198721
0.0022472799999999744,0.009998539649921043,2.0099920789543626,4.116742029316076
0.0022482799999999745,0.009999416040930338,2.0099929137099704,4.1167405927419
0.0022492799999999746,0.009999897672116079,2.009993353703099,4.1167398355344815
0.0022502799999999747,0.009999984524464293,2.009993398916379,4.116739757724542
0.002251279999999975,0.009999676594546198,2.009993049348028,4.116740359315235
0.002252279999999975,0.00999897389451834,2.009992305011845,4.116741640282152
0.002253279999999975,0.009997876452122108,2.009991165937218,4.1167436005733125
0.0022542799999999753,0.009996384310682655,2.009989632169116,4.116746240109177
0.0022552799999999754,0.009994497529107168,2.009987703768091,4.116749558782643
0.0022562799999999755,0.009992216181882552,2.009985380810274,4.116753556459054
0.0022572799999999757,0.00998954035907249,2.009982663387372,4.116758232976203
0.002258279999999976,0.009986470166313885,2.009979551606666,4.116763588144338
0.002259279999999976,0.009983005724812689,2.0099760455910043,4.1167696217461796
0.002260279999999976,0.00997914717133912,2.0099721454787995,4.116776333536915
0.002261279999999976,0.009974894658222265,2.0099678514240225,4.116783723244226
0.0022622799999999763,0.009970248353344056,2.0099631635961965,4.116791790568284
0.0022632799999999765,0.009965208440132661,2.00995808218039,4.116800535181778
0.0022642799999999766,0.009959775117555214,2.009952607377209,4.1168099567299175
0.0022652799999999767,0.009953948600109997,2.0099467394027917,4.116820054830455
0.002266279999999977,0.009947729117817935,2.0099404784887964,4.1168308290737
0.002267279999999977,0.009941116916213544,2.009933824882394,4.116842279022539
0.002268279999999977,0.009934112256335219,2.0099267788462587,4.116854404212449
0.0022692799999999773,0.009926715414714937,2.0099193406585565,4.1168672041515295
0.0022702799999999774,0.00991892668336734,2.0099115106129353,4.116880678320509
0.0022712799999999775,0.009910746369778211,2.0099032890185136,4.116894826172776
0.0022722799999999777,0.009902174796892314,2.0098946761998664,4.116909647134404
0.002273279999999978,0.009893212303100677,2.009885672497015,4.1169251406041765
0.002274279999999978,0.009883859242227207,2.0098762782654114,4.116941305953601
0.002275279999999978,0.009874115983514729,2.009866493875924,4.116958142526961
0.002276279999999978,0.009863982911610421,2.0098563197148245,4.116975649641322
0.0022772799999999783,0.009853460426550598,2.009845756183773,4.116993826586573
0.0022782799999999785,0.009842548943744974,2.009834803699801,4.117012672625448
0.0022792799999999786,0.009831248893960183,2.009823462695294,4.117032186993574
0.0022802799999999787,0.009819560723302857,2.0098117336179775,4.117052368899487
0.002281279999999979,0.009807484893201955,2.009799616930897,4.117073217524676
0.002282279999999979,0.009795021880390574,2.0097871131123988,4.117094732023621
0.002283279999999979,0.00978217217688712,2.009774222656113,4.117116911523821
0.0022842799999999793,0.009768936289975879,2.0097609460709336,4.117139755125843
0.0022852799999999794,0.009755314742187013,2.009747283881,4.11716326190335
0.0022862799999999795,0.009741308071275897,2.009733236625672,4.117187430903146
0.0022872799999999797,0.009726916830201921,2.009718804859512,4.1172122611452275
0.00228827999999998,0.009712141587106635,2.009703989152263,4.117237751622808
0.00228927999999998,0.009696982925291345,2.009688790088824,4.1172639013023735
0.00229027999999998,0.009681441443194053,2.0096732082692297,4.117290709123726
0.00229127999999998,0.009665517754365872,2.009657244308625,4.117318174000027
0.0022922799999999803,0.009649212487446756,2.0096408988372407,4.117346294817852
0.0022932799999999805,0.009632526286140738,2.009624172500369,4.117375070437228
0.0022942799999999806,0.009615459809190475,2.0096070659583383,4.117404499691691
0.0022952799999999807,0.009598013730351244,2.0095895798864865,4.117434581388339
0.002296279999999981,0.009580188738364376,2.0095717149751353,4.11746531430787
0.002297279999999981,0.009561985536930018,2.0095534719295616,4.117496697204658
0.002298279999999981,0.009543404844679419,2.0095348514699714,4.117528728806781
0.0022992799999999813,0.00952444739514646,2.0095158543314686,4.117561407816102
0.0023002799999999814,0.009505113936738821,2.0094964812640286,4.117594732908305
0.0023012799999999815,0.009485405232708315,2.0094767330324683,4.117628702732968
0.0023022799999999817,0.009465322061120843,2.0094566104164158,4.117663315913605
0.0023032799999999818,0.00944486521482562,2.0094361142102777,4.117698571047746
0.002304279999999982,0.009424035501423907,2.009415245223211,4.117734466706977
0.002305279999999982,0.00940283374323715,2.0093940042790885,4.117771001437023
0.002306279999999982,0.00938126077727442,2.0093723922164672,4.117808173757797
0.0023072799999999823,0.009359317455199509,2.0093504098885546,4.117845982163467
0.0023082799999999824,0.009337004643297177,2.009328058163177,4.117884425122527
0.0023092799999999826,0.00931432322243905,2.009305337922744,4.117923501077853
0.0023102799999999827,0.009291274088048768,2.0092822500642122,4.117963208446783
0.002311279999999983,0.009267858150066706,2.0092587954990515,4.11800354562118
0.002312279999999983,0.009244076332913981,2.0092349751532104,4.118044510967497
0.002313279999999983,0.009219929575456046,2.0092107899670753,4.118086102826861
0.0023142799999999832,0.0091954188309655,2.0091862408954375,4.118128319515125
0.0023152799999999834,0.009170545067084594,2.0091613289074526,4.1181711593229675
0.0023162799999999835,0.009145309265786935,2.0091360549866053,4.118214620515939
0.0023172799999999836,0.00911971242333873,2.0091104201306678,4.118258701334561
0.0023182799999999838,0.00909375555025951,2.0090844253516607,4.118303399994388
0.002319279999999984,0.009067439671282155,2.009058071675814,4.118348714686085
0.002320279999999984,0.009040765825312543,2.009031360143529,4.118394643575512
0.002321279999999984,0.009013735065388396,2.0090042918093305,4.1184411848038085
0.0023222799999999843,0.008986348458637869,2.008976867741831,4.118488336487458
0.0023232799999999844,0.00895860708623728,2.008949089023687,4.118536096718379
0.0023242799999999846,0.008930512043368526,2.0089209567515565,4.118584463564012
0.0023252799999999847,0.008902064439175779,2.008892472036054,4.118633435067398
0.002326279999999985,0.008873265396721739,2.0088636360017085,4.118683009247259
0.002327279999999985,0.008844116052943317,2.008834449786918,4.118733184098093
0.002328279999999985,0.00881461755860667,2.0088049145439064,4.118783957590254
0.0023292799999999852,0.008784771078261859,2.0087750314386748,4.118835327670041
0.0023302799999999854,0.008754577790196807,2.0087448016509577,4.118887292259793
0.0023312799999999855,0.008724038886390846,2.008714226374177,4.118939849257969
0.0023322799999999856,0.008693155572467588,2.0086833068153926,4.118992996539245
0.0023332799999999858,0.008661929067647404,2.008652044195258,4.119046731954605
0.002334279999999986,0.00863036060469921,2.0086204397479683,4.119101053331431
0.002335279999999986,0.008598451429891914,2.0085884947212147,4.119155958473602
0.002336279999999986,0.008566202802945046,2.008556210376132,4.119211445161587
0.0023372799999999863,0.008533615996979214,2.0085235879872534,4.119267511152535
0.0023382799999999864,0.008500692298465722,2.008490628842455,4.119324154180381
0.0023392799999999866,0.008467433007175782,2.008457334242909,4.119381371955938
0.0023402799999999867,0.008433839436129319,2.0084237055030294,4.119439162166997
0.002341279999999987,0.008399912911542932,2.0083897439504232,4.119497522478426
0.002342279999999987,0.008365654772777772,2.0083554509258357,4.119556450532272
0.002343279999999987,0.008331066372286469,2.0083208277830975,4.119615943947864
0.0023442799999999872,0.008296149075559868,2.008285875889072,4.119676000321911
0.0023452799999999874,0.008260904261073036,2.0082505966236,4.119736617228611
0.0023462799999999875,0.0082253333202309,2.00821499137945,4.119797792219746
0.0023472799999999876,0.008189437657313338,2.008179061562256,4.119859522824802
0.0023482799999999878,0.0081532186894196,2.0081428085904665,4.11992180655106
0.002349279999999988,0.008116677846412568,2.008106233895288,4.119984640883719
0.002350279999999988,0.00807981657086213,2.008069338920628,4.120048023285986
0.002351279999999988,0.008042636317988345,2.008032125123037,4.120111951199203
0.0023522799999999883,0.008005138555603915,2.0079945939716537,4.120176422042941
0.0023532799999999884,0.007967324764056313,2.007956746948146,4.120241433215118
0.0023542799999999886,0.00792919643616925,2.00791858554665,4.120306982092117
0.0023552799999999887,0.007890755077183878,2.007880111273713,4.120373066028891
0.002356279999999989,0.007852002204699162,2.0078413256482346,4.1204396823590725
0.002357279999999989,0.007812939348612196,2.007802230201407,4.120506828395098
0.002358279999999989,0.007773568051057655,2.007762826476652,4.120574501428318
0.002359279999999989,0.007733889866346927,2.0077231160295614,4.12064269872911
0.0023602799999999893,0.007693906360906827,2.0076831004278373,4.120711417547007
0.0023612799999999895,0.0076536191132176535,2.0076427812512274,4.1207806551107975
0.0023622799999999896,0.007613029713751019,2.007602160091466,4.120850408628659
0.0023632799999999897,0.0075721397649068465,2.0075612385522086,4.120920675288267
0.00236427999999999,0.007530950880950358,2.0075200182489676,4.120991452256927
0.00236527999999999,0.007489464687948131,2.007478500809051,4.121062736681687
0.00236627999999999,0.0074476828237040535,2.007436687871497,4.1211345256894605
0.0023672799999999903,0.00740560693769456,2.00739458108701,4.121206816387146
0.0023682799999999904,0.0073632386910035845,2.007352182117896,4.121279605861764
0.0023692799999999905,0.007320579756256995,2.007309492637994,4.12135289118056
0.0023702799999999907,0.007277631817556458,2.0072665143326134,4.121426669391153
0.002371279999999991,0.007234396570413077,2.0072232488984634,4.121500937521643
0.002372279999999991,0.007190875721680355,2.0071796980435908,4.121575692580749
0.002373279999999991,0.007147070989486905,2.007135863487311,4.121650931557926
0.002374279999999991,0.007102984103168522,2.0070917469601373,4.121726651423504
0.0023752799999999913,0.007058616803200016,2.0070473502037163,4.121802849128812
0.0023762799999999915,0.0070139708411263825,2.0070026749707575,4.121879521606305
0.0023772799999999916,0.006969047979493808,2.006957723024964,4.121956665769697
0.0023782799999999917,0.006923849991779913,2.0069124961409606,4.122034278514097
0.002379279999999992,0.006878378662323871,2.0068669961042294,4.122112356716137
0.002380279999999992,0.006832635786255924,2.0068212247110346,4.1221908972341
0.002381279999999992,0.006786623169426456,2.0067751837683545,4.1222698969080565
0.0023822799999999923,0.006740342628334859,2.006728875093807,4.122349352560004
0.0023832799999999924,0.00669379599005757,2.0066823005155814,4.122429260993996
0.0023842799999999925,0.0066469850921762365,2.0066354618723623,4.122509618996277
0.0023852799999999927,0.00659991178270491,2.0065883610132604,4.122590423335424
0.002386279999999993,0.0065525779200172754,2.006540999797738,4.122671670762479
0.002387279999999993,0.006504985372773156,2.006493380095536,4.122753358011085
0.002388279999999993,0.006457136019844851,2.0064455037865994,4.122835481797632
0.002389279999999993,0.006409031750242857,2.006397372761005,4.122918038821385
0.0023902799999999933,0.00636067446304137,2.0063489889188837,4.123001025764633
0.0023912799999999935,0.006312066067303329,2.0063003541703477,4.123084439292824
0.0023922799999999936,0.006263208482004925,2.006251470435415,4.123168276054708
0.0023932799999999937,0.006214103635959996,2.006202339643932,4.123252532682481
0.002394279999999994,0.0061647534677437546,2.0061529637355004,4.123337205791918
0.002395279999999994,0.006115159925616369,2.0061033446593974,4.123422291982524
0.002396279999999994,0.006065324967445924,2.0060534843745,4.123507787837675
0.0023972799999999943,0.006015250560631306,2.0060033848492083,4.123593689924767
0.0023982799999999944,0.00596493868202427,2.005953048061366,4.123679994795348
0.0023992799999999945,0.005914391317851707,2.0059024759981856,4.123766698985275
0.0024002799999999947,0.00586361046363696,2.005851670656166,4.123853799014854
0.002401279999999995,0.00581259812412122,2.005800634041016,4.12394129138899
0.002402279999999995,0.005761356313184315,2.005749368167575,4.1240291725973295
0.002403279999999995,0.005709887053765158,2.0056978750597327,4.1241174391144115
0.002404279999999995,0.005658192377782055,2.00564615675035,4.124206087399814
0.0024052799999999953,0.005606274326052211,2.005594215281178,4.124295113898303
0.0024062799999999955,0.005554134948211482,2.0055420527027787,4.124384515039981
0.0024072799999999956,0.005501776302633186,2.0054896710744425,4.124474287240438
0.0024082799999999957,0.0054492004563470265,2.0054370724641077,4.124564426900897
0.002409279999999996,0.005396409484957361,2.0053842589482778,4.124654930408376
0.002410279999999996,0.005343405472561347,2.0053312326119417,4.124745794135822
0.002411279999999996,0.005290190511666682,2.0052779955484885,4.124837014442284
0.0024122799999999963,0.00523676670310886,2.005224549859628,4.124928587673044
0.0024132799999999964,0.005183136155968393,2.005170897655306,4.125020510159785
0.0024142799999999965,0.005129300987487424,2.00511704105362,4.125112778220735
0.0024152799999999966,0.005075263322986256,2.0050629821807378,4.125205388160827
0.0024162799999999968,0.005021025295779322,2.0050087231708114,4.125298336271852
0.002417279999999997,0.004966589047091099,2.004954266165895,4.125391618832609
0.002418279999999997,0.004911956725971429,2.0048996133158594,4.125485232109062
0.002419279999999997,0.004857130489210866,2.004844766778308,4.125579172354497
0.0024202799999999973,0.0048021125012553114,2.004789728718487,4.125673435809683
0.0024212799999999974,0.004746904934120741,2.0047345013092066,4.12576801870302
0.0024222799999999976,0.00469150996730739,2.004679086730752,4.125862917250698
0.0024232799999999977,0.004635929787713652,2.004623487170795,4.125958127656856
0.002424279999999998,0.004580166589549924,2.0045677048243142,4.126053646113738
0.002425279999999998,0.004524222574251694,2.0045117418935017,4.126149468801855
0.002426279999999998,0.004468099950392975,2.0044556005876797,4.126245591890132
0.0024272799999999982,0.0044118009335988115,2.0043992831232114,4.126342011536086
0.0024282799999999984,0.004355327746458018,2.0043427917234147,4.126438723885971
0.0024292799999999985,0.004298682618435294,2.004286128618475,4.126535725074935
0.0024302799999999986,0.004241867785783333,2.004229296045355,4.126633011227196
0.0024312799999999988,0.0041848854914544155,2.0041722962477087,4.1267305784561845
0.002432279999999999,0.00412773798501195,2.0041151314757926,4.126828422864715
0.002433279999999999,0.0040704275225416885,2.004057803986374,4.1269265405451465
0.002434279999999999,0.0040129563665625085,2.0040003160426445,4.127024927579536
0.0024352799999999993,0.003955326785937275,2.003942669914132,4.12712358003981
0.0024362799999999994,0.0038975410557831203,2.0038848678766077,4.1272224939879205
0.0024372799999999996,0.0038396014573817594,2.0038269122119985,4.127321665476007
0.0024382799999999997,0.0037815102780892787,2.003768805208295,4.1274210905465685
0.00243928,0.003723269811246051,2.003710549159464,4.12752076523261
0.00244028,0.003664882356085885,2.0036521463653547,4.127620685557821
0.00244128,0.0036063502176456176,2.0035935991316114,4.12772084753673
0.0024422800000000002,0.003547675706673801,2.0035349097695803,4.127821247174869
0.0024432800000000004,0.003488861139539679,2.0034760805962164,4.127921880468945
0.0024442800000000005,0.003429908838141672,2.0034171139339967,4.128022743406996
0.0024452800000000006,0.003370821129815646,2.0033580121108248,4.12812383196856
0.0024462800000000008,0.0033116003472432355,2.003298777459942,4.128225142124834
0.002447280000000001,0.0032522488283594337,2.00323941231983,4.128326669838849
0.002448280000000001,0.003192768916260663,2.0031799190341246,4.128428411065627
0.002449280000000001,0.003133162959111959,2.003120299951519,4.12853036175235
0.0024502800000000013,0.003073433310054479,2.0030605574256755,4.128632517838525
0.0024512800000000014,0.0030135823271124624,2.003000693815127,4.128734875256146
0.0024522800000000016,0.0029536123731002673,2.0029407114831876,4.12883742992987
0.0024532800000000017,0.0028935258155289435,2.002880612797858,4.128940177777173
0.002454280000000002,0.0028333250265129483,2.0028204001317316,4.129043114708526
0.002455280000000002,0.0027730123826763538,2.0027600758619037,4.129146236627549
0.002456280000000002,0.0027125902650590315,2.0026996423698744,4.12924953943119
0.0024572800000000022,0.00265206105902276,2.0026391020414542,4.1293530190098915
0.0024582800000000024,0.002591427154156917,2.0025784572666727,4.129456671247747
0.0024592800000000025,0.00253069094418428,2.002517710439684,4.129560492022677
0.0024602800000000026,0.0024698548268663684,2.00245686395867,4.129664477206594
0.0024612800000000028,0.0024089212039089952,2.0023959202257453,4.1297686226655745
0.002462280000000003,0.0023478924808672088,2.0023348816468665,4.1298729242600185
0.002463280000000003,0.0022867710670505304,2.0022737506317325,4.129977377844821
0.002464280000000003,0.002225559375427687,2.002212529593693,4.130081979269547
0.0024652800000000033,0.0021642598225314518,2.0021512209496506,4.130186724378587
0.0024662800000000034,0.002102874828363282,2.002089827119966,4.130291609011334
0.0024672800000000036,0.0020414068162975347,2.002028350528364,4.1303966290023535
0.0024682800000000037,0.001979858212986163,2.0019667936018357,4.13050178018154
0.002469280000000004,0.0019182314482625853,2.001905158770545,4.130607058374299
0.002470280000000004,0.0018565289550459864,2.00184344846773,4.130712459401705
0.002471280000000004,0.001794753169245111,2.00178166512961,4.130817979080678
0.002472280000000004,0.0017329065296622411,2.001719811195285,4.130923613224149
0.0024732800000000043,0.001670991477896774,2.0016578891066446,4.131029357641229
0.0024742800000000045,0.0016090104582489376,2.0015959013082667,4.131135208137377
0.0024752800000000046,0.0015469659176233117,2.0015338502473257,4.1312411605145645
0.0024762800000000047,0.0014848603054320707,2.0014717383734912,4.131347210571456
0.002477280000000005,0.0014226960734984764,2.0014095681388357,4.131453354103564
0.002478280000000005,0.001360475675959929,2.0013473419977346,4.131559586903427
0.002479280000000005,0.0012982015691712196,2.00128506240677,4.131665904760783
0.0024802800000000053,0.0012358762116074012,2.001222731824635,4.131772303462717
0.0024812800000000054,0.0011735020637669606,2.001160352712035,4.131878778793854
0.0024822800000000055,0.0011110815880743467,2.0010979275315925,4.1319853265365145
0.0024832800000000057,0.0010486172487831475,2.0010354587477472,4.132091942470887
0.002484280000000006,0.000986111511878469,2.000972948826661,4.132198622375197
0.002485280000000006,0.0009235668449797947,2.000910400236119,4.132305362025875
0.002486280000000006,0.0008609857172434982,2.000847815445433,4.132412157197723
0.002487280000000006,0.0007983705992652932,2.0007851969253463,4.132519003664084
0.0024882800000000063,0.0007357239629828939,2.0007225471479306,4.132625897197018
0.0024892800000000065,0.0006730482815781795,2.0006598685864936,4.132732833567456
0.0024902800000000066,0.0006103460293797695,2.0005971637154785,4.1328398085453815
0.0024912800000000067,0.0005476196817651816,2.000534435010367,4.132946817899993
0.002492280000000007,0.0004848717150632504,2.000471684947582,4.133053857399874
0.002493280000000007,0.0004221046064562242,2.0004089160043903,4.133160922813157
0.002494280000000007,0.00035932083388211163,2.0003461306588033,4.133268009907699
0.0024952800000000073,0.00029652287593669765,2.000283331389479,4.133375114451243
0.0024962800000000074,0.00023371321177588803,2.0002205206756267,4.133482232211589
0.0024972800000000075,0.0001708943210176763,2.000157700996907,4.13358935895676
0.0024982800000000077,0.000108068683644271,2.0000948748333345,4.133696490455169
0.002499280000000008,4.523877990429642e-05,2.0000320446651796,4.133803622475791
0.002500280000000008,-1.7592909785265353e-05,1.9999692129728706,4.133910750788324
0.002501280000000008,-8.042390493685491e-05,1.999906382236896,4.134017871163364
0.002502280000000008,-0.0001432517250904209,1.9998435549377065,4.134124979372563
0.0025032800000000083,-0.00020607388991113104,1.9997807335556186,4.134232071188799
0.0025042800000000085,-0.00026888791928754023,1.9997179205707134,4.134339142386348
0.0025052800000000086,-0.0003316913334292881,1.9996551184627405,4.134446188741046
0.0025062800000000087,-0.0003944816529651564,1.9995923297110214,4.134553206030453
0.002507280000000009,-0.00045725639904084416,1.999529556794349,4.134660190034023
0.002508280000000009,-0.0005200130934167929,1.9994668021908926,4.134767136533268
0.002509280000000009,-0.0005827492585662718,1.9994040683780967,4.134874041311927
0.0025102800000000093,-0.0006454624177728137,1.9993413578325856,4.134980900156129
0.0025112800000000094,-0.0007081500952283282,1.999278673030066,4.135087708854555
0.0025122800000000095,-0.0007708098161306126,1.9992160164452273,4.1351944631986095
0.0025132800000000097,-0.0008334391067812116,1.9991533905516456,4.135301158982582
0.00251428000000001,-0.0008960354946829337,1.9990907978216852,4.135407792003808
0.00251528000000001,-0.0009585965086376018,1.9990282407264002,4.1355143580628475
0.00251628000000001,-0.0010211196788434713,1.9989657217354388,4.13562085296363
0.00251728000000001,-0.0010836025369928923,1.9989032433169458,4.13572727251363
0.0025182800000000103,-0.0011460426163695599,1.9988408079374629,4.135833612524028
0.0025192800000000105,-0.001208437451946055,1.9987784180618327,4.135939868809879
0.0025202800000000106,-0.001270784580481141,1.998716076153101,4.136046037190264
0.0025212800000000107,-0.0013330815406169035,1.9986537846724222,4.136152113488464
0.002522280000000011,-0.0013953258729760792,1.9985915460789576,4.136258093532119
0.002523280000000011,-0.0014575151202589176,1.998529362829781,4.136363973153386
0.002524280000000011,-0.0015196468273405265,1.9984672373797827,4.136469748189107
0.0025252800000000112,-0.001581718541367409,1.9984051721815697,4.136575414480968
0.0025262800000000114,-0.0016437278118546317,1.9983431696853702,4.136680967875663
0.0025272800000000115,-0.0017056721907823377,1.9982812323389387,4.13678640422505
0.0025282800000000116,-0.0017675492326925477,1.9982193625874565,4.136891719386314
0.0025292800000000118,-0.0018293564947855976,1.9981575628734358,4.136996909222132
0.002530280000000012,-0.0018910915370165583,1.998095835636625,4.137101969600826
0.002531280000000012,-0.0019527519221917225,1.9980341833139108,4.1372068963965285
0.002532280000000012,-0.002014335216064628,1.9979726083392224,4.137311685489336
0.0025332800000000123,-0.0020758389874323147,1.9979111131434355,4.137416332765477
0.0025342800000000124,-0.002137260808231166,1.9978497001542763,4.137520834117461
0.0025352800000000126,-0.0021985982536329024,1.997788371796225,4.137625185444243
0.0025362800000000127,-0.0022598489021401712,1.9977271304904218,4.137729382651382
0.002537280000000013,-0.0023210103356822993,1.9976659786545692,4.137833421651191
0.002538280000000013,-0.0023820801397105634,1.9976049187028386,4.137937298362905
0.002539280000000013,-0.002443055903293669,1.9975439530457733,4.1380410087128325
0.0025402800000000132,-0.002503935219212912,1.9974830840901934,4.138144548634509
0.0025412800000000134,-0.002564715684057106,1.9974223142391028,4.138247914068861
0.0025422800000000135,-0.002625394898317608,1.997361645891592,4.1383511009643525
0.0025432800000000136,-0.0026859704664829033,1.9973010814427448,4.138454105277149
0.0025442800000000138,-0.002746439997133334,1.9972406232835433,4.138556922971266
0.002545280000000014,-0.0028068011030353023,1.9971802738007725,4.138659550018728
0.002546280000000014,-0.0028670514012357528,1.9971200353769276,4.138761982399721
0.002547280000000014,-0.0029271885131560444,1.9970599103901199,4.1388642161027445
0.0025482800000000143,-0.0029872100646860197,1.9969999012139825,4.138966247124765
0.0025492800000000144,-0.00304711368627753,1.996940010217576,4.139068071471372
0.0025502800000000146,-0.0031068970130382003,1.9968802397652952,4.139169685156928
0.0025512800000000147,-0.0031665576848246895,1.9968205922167757,4.139271084204723
0.002552280000000015,-0.003226093346335763,1.9967610699268021,4.13937226464712
0.002553280000000015,-0.0032855016472055146,1.9967016752452136,4.139473222525712
0.002554280000000015,-0.0033447802420958463,1.9966424105168112,4.139573953891472
0.0025552800000000152,-0.0034039267907894676,1.9965832780812665,4.139674454804899
0.0025562800000000154,-0.003462938958281812,1.996524280273028,4.139774721336169
0.0025572800000000155,-0.003521814414873618,1.9964654194212295,4.13987474956529
0.0025582800000000156,-0.003580550836262604,1.9964066978495965,4.139974535582245
0.0025592800000000158,-0.0036391459036354584,1.9963481178763574,4.140074075487139
0.002560280000000016,-0.0036975973037592868,1.9962896818141513,4.140173365390351
0.002561280000000016,-0.0037559027290728305,1.9962313919699346,4.140272401412677
0.002562280000000016,-0.0038140598777777986,1.9961732506448913,4.140371179685484
0.0025632800000000163,-0.003872066453929476,1.9961152601343426,4.140469696350847
0.0025642800000000164,-0.003929920167527592,1.996057422727656,4.1405679475617
0.0025652800000000166,-0.003987618734606594,1.9959997407081533,4.140665929481983
0.0025662800000000167,-0.004045159877325884,1.9959422163530234,4.1407636382867805
0.002567280000000017,-0.0041025413240596085,1.9958848519332306,4.140861070162473
0.002568280000000017,-0.0041597608094865665,1.9958276497134255,4.14095822130687
0.002569280000000017,-0.004216816074679353,1.9957706119518543,4.141055087929366
0.0025702800000000172,-0.004273704867193921,1.9957137409002719,4.1411516662510754
0.0025712800000000174,-0.0043304249411580875,1.9956570388038506,4.141247952504977
0.0025722800000000175,-0.004386974057360419,1.9956005079010932,4.141343942936054
0.0025732800000000176,-0.004443349983338669,1.9955441504237437,4.1414396338014345
0.0025742800000000178,-0.0044995504934678115,1.9954879685967006,4.141535021370536
0.002575280000000018,-0.004555573369047967,1.9954319646379268,4.141630101925197
0.002576280000000018,-0.004611416398391873,1.9953761407583637,4.141724871759828
0.002577280000000018,-0.0046670773769124105,1.9953204991618438,4.14181932718154
0.0025782800000000183,-0.004722554107209393,1.995265042045003,4.141913464510286
0.0025792800000000184,-0.00477784439915653,1.9952097715971944,4.142007280079002
0.0025802800000000185,-0.0048329460699877685,1.9951546900004025,4.142100770233736
0.0025812800000000187,-0.004887856944383525,1.9950997994291542,4.142193931333794
0.002582280000000019,-0.004942574854556467,1.9950451020504365,4.142286759751871
0.002583280000000019,-0.004997097640337165,1.99499060002361,4.14237925187418
0.002584280000000019,-0.0050514231492594245,1.994936295500322,4.142471404100603
0.002585280000000019,-0.005105549236645173,1.9948821906244238,4.142563212844806
0.0025862800000000193,-0.005159473765689189,1.9948282875318837,4.142654674534388
0.0025872800000000195,-0.0052131946075433385,1.9947745883507049,4.1427457856110035
0.0025882800000000196,-0.005266709641400803,1.9947210952008403,4.142836542530498
0.0025892800000000197,-0.005320016754579676,1.9946678101941082,4.142926941763044
0.00259028000000002,-0.005373113842606435,1.9946147354341115,4.143016979793264
0.00259128000000002,-0.0054259988092989035,1.9945618730161516,4.143106653120364
0.00259228000000002,-0.0054786695668492084,1.9945092250271472,4.1431959582582705
0.0025932800000000203,-0.0055311240359059675,1.994456793545552,4.143284891735748
0.0025942800000000204,-0.005583360145656593,1.9944045806412722,4.143373450096529
0.0025952800000000205,-0.005635375833908939,1.9943525883755848,4.143461629899456
0.0025962800000000207,-0.005687169047172643,1.9943008188010565,4.143549427718591
0.002597280000000021,-0.005738737740740387,1.9942492739614623,4.143636840143349
0.002598280000000021,-0.00579007987876839,1.9941979558917053,4.143723863778624
0.002599280000000021,-0.005841193434356984,1.994146866617737,4.143810495244917
0.002600280000000021,-0.005892076389630514,1.9940960081564745,4.143896731178456
0.0026012800000000213,-0.005942726735817062,1.9940453825157238,4.143982568231322
0.0026022800000000215,-0.005993142473327657,1.9939949916941007,4.1440680030715695
0.0026032800000000216,-0.006043321611835252,1.993944837680949,4.144153032383355
0.0026042800000000217,-0.006093262170353493,1.9938949224562637,4.144237652867055
0.002605280000000022,-0.006142962177314555,1.9938452479906146,4.144321861239383
0.002606280000000022,-0.006192419670647321,1.9937958162450649,4.14440565423352
0.002607280000000022,-0.006241632697854584,1.9937466291710968,4.144489028599229
0.0026082800000000223,-0.006290599316090321,1.9936976887105329,4.1445719811029695
0.0026092800000000224,-0.00633931759223629,1.9936489967954594,4.144654508528024
0.0026102800000000225,-0.0063877856029783955,1.9936005553481515,4.144736607674614
0.0026112800000000227,-0.006436001434882509,1.9935523662809946,4.14481827536001
0.002612280000000023,-0.006483963184470201,1.993504431496412,4.1448995084186615
0.002613280000000023,-0.006531668958293665,1.9934567528867881,4.144980303702297
0.002614280000000023,-0.006579116873010664,1.9934093323343942,4.145060658080053
0.002615280000000023,-0.006626305055458796,1.9933621717113132,4.145140568438576
0.0026162800000000233,-0.006673231642729364,1.9933152728793664,4.1452200316821495
0.0026172800000000235,-0.006719894782241106,1.993268637690041,4.145299044732791
0.0026182800000000236,-0.006766292631813095,1.9932222679844156,4.145377604530379
0.0026192800000000237,-0.00681242335973778,1.9931761655930875,4.145455708032758
0.002620280000000024,-0.006858285144852936,1.9931303323361023,4.1455333522158435
0.002621280000000024,-0.006903876176613862,1.9930847700228778,4.145610534073746
0.002622280000000024,-0.00694919465516464,1.993039480452138,4.145687250618868
0.0026232800000000243,-0.00699423879140936,1.992994465411839,4.145763498882015
0.0026242800000000244,-0.007039006807082674,1.9929497266790985,4.145839275912509
0.0026252800000000245,-0.00708349693481993,1.9929052660201267,4.145914578778288
0.0026262800000000247,-0.007127707418227113,1.9928610851901551,4.145989404566018
0.002627280000000025,-0.0071716365119499905,1.9928171859333679,4.146063750381198
0.002628280000000025,-0.0072152824817431835,1.992773569982834,4.1461376133482615
0.002629280000000025,-0.00725864360453854,1.9927302390604367,4.146210990610684
0.002630280000000025,-0.007301718168513203,1.9926871948768086,4.146283879331084
0.0026312800000000253,-0.007344504473157092,1.9926444391312608,4.146356276691327
0.0026322800000000255,-0.007387000829340211,1.9926019735117186,4.146428179892623
0.0026332800000000256,-0.007429205559379135,1.9925597996946527,4.146499586155637
0.0026342800000000257,-0.007471116997103414,1.9925179193450138,4.146570492720586
0.002635280000000026,-0.007512733487921269,1.992476334116168,4.14664089684733
0.002636280000000026,-0.007554053388884858,1.9924350456498297,4.146710795815481
0.002637280000000026,-0.00759507506875529,1.9923940555759987,4.146780186924491
0.0026382800000000262,-0.007635796908066812,1.992353365512893,4.1468490674937675
0.0026392800000000264,-0.007676217299191027,1.9923129770668886,4.1469174348627496
0.0026402800000000265,-0.007716334646400037,1.9922728918324533,4.146985286391014
0.0026412800000000266,-0.007756147365929711,1.9922331113920835,4.1470526194583694
0.0026422800000000268,-0.007795653886042008,1.9921936373162452,4.147119431464947
0.002643280000000027,-0.00783485264708718,1.9921544711633081,4.1471857198313025
0.002644280000000027,-0.007873742101565263,1.9921156144794856,4.147251481998496
0.002645280000000027,-0.007912320714187203,1.9920770687987737,4.147316715428195
0.0026462800000000273,-0.007950586961935409,1.9920388356428913,4.147381417602759
0.0026472800000000274,-0.007988539334123922,1.9920009165212191,4.147445586025331
0.0026482800000000276,-0.008026176332458095,1.9919633129307406,4.147509218219932
0.0026492800000000277,-0.008063496471093676,1.991926026355982,4.14757231173154
0.002650280000000028,-0.008100498276695518,1.9918890582689543,4.147634864126188
0.002651280000000028,-0.008137180288495648,1.991852410129095,4.147696872991044
0.002652280000000028,-0.008173541058351096,1.9918160833832113,4.147758335934502
0.0026532800000000282,-0.008209579150800861,1.991780079465422,4.147819250586263
0.0026542800000000284,-0.008245293143122844,1.991744399797102,4.147879614597419
0.0026552800000000285,-0.008280681625389722,1.9917090457868238,4.147939425640547
0.0026562800000000286,-0.008315743200524845,1.9916740188303044,4.147998681409782
0.0026572800000000288,-0.008350476484357225,1.9916393203103486,4.1480573796209015
0.002658280000000029,-0.008384880105676309,1.9916049515967968,4.148115518011407
0.002659280000000029,-0.008418952706286054,1.9915709140464675,4.148173094340605
0.002660280000000029,-0.008452692941058491,1.991537209003106,4.14823010638969
0.0026612800000000293,-0.008486099477986965,1.9915038377973304,4.148286551961821
0.0026622800000000294,-0.008519170998238556,1.9914708017465796,4.148342428882197
0.0026632800000000296,-0.008551906196206296,1.9914381021550622,4.148397734998136
0.0026642800000000297,-0.008584303779560615,1.9914057403137027,4.148452468179155
0.00266528000000003,-0.00861636246930042,1.9913737175000923,4.14850662631704
0.00266628000000003,-0.008648080999803513,1.9913420349784385,4.148560207325928
0.00266728000000003,-0.0086794581188766,1.9913106939995135,4.148613209142372
0.0026682800000000302,-0.008710492587804769,1.9912796958006072,4.148665629725423
0.0026692800000000304,-0.008741183181400323,1.9912490416054756,4.148717467056701
0.0026702800000000305,-0.008771528688051195,1.991218732624296,4.148768719140459
0.0026712800000000306,-0.008801527909768708,1.9911887700536148,4.148819384003661
0.0026722800000000308,-0.008831179662234973,1.9911591550763048,4.148869459696052
0.002673280000000031,-0.008860482774849575,1.9911298888615157,4.148918944290223
0.002674280000000031,-0.00888943609077582,1.9911009725646285,4.148967835881683
0.002675280000000031,-0.008918038466986336,1.99107240732721,4.149016132588923
0.0026762800000000313,-0.008946288774308319,1.9910441942769674,4.149063832553487
0.0026772800000000314,-0.008974185897467978,1.9910163345277068,4.14911093394003
0.0026782800000000316,-0.00900172873513467,1.9909888291792823,4.149157434936395
0.0026792800000000317,-0.009028916199964343,1.9909616793175604,4.149203333753666
0.002680280000000032,-0.009055747218642407,1.9909348860143712,4.149248628626235
0.002681280000000032,-0.009082220731926218,1.9909084503274697,4.1492933178118685
0.002682280000000032,-0.009108335694686769,1.990882373300494,4.149337399591758
0.0026832800000000322,-0.009134091075950064,1.9908566559629204,4.149380872270595
0.0026842800000000324,-0.009159485858937748,1.9908312993300263,4.149423734176621
0.0026852800000000325,-0.009184519041107288,1.9908063044028492,4.149465983661691
0.0026862800000000326,-0.009209189634191485,1.9907816721681473,4.149507619101324
0.0026872800000000328,-0.009233496664237586,1.9907574035983606,4.149548638894773
0.002688280000000033,-0.009257439171645673,1.9907334996515713,4.1495890414650685
0.002689280000000033,-0.009281016211206524,1.990709961271467,4.149628825259086
0.002690280000000033,-0.009304226852139014,1.9906867893873044,4.149667988747588
0.0026912800000000333,-0.009327070178126758,1.9906639849138708,4.14970653042529
0.0026922800000000334,-0.009349545287354372,1.9906415487514477,4.149744448810906
0.0026932800000000335,-0.009371651292543024,1.990619481785779,4.149781742447202
0.0026942800000000337,-0.0093933873209855,1.9905977848880312,4.149818409901046
0.002695280000000034,-0.009414752514580585,1.9905764589147619,4.149854449763463
0.002696280000000034,-0.009435746029867045,1.990555504707885,4.149889860649681
0.002697280000000034,-0.009456367038056818,1.9905349230946372,4.149924641199184
0.002698280000000034,-0.009476614725067823,1.990514714887547,4.149958790075746
0.0026992800000000343,-0.009496488291556056,1.9904948808844016,4.149992305967496
0.0027002800000000345,-0.009515986952947121,1.9904754218682132,4.150025187586957
0.0027012800000000346,-0.009535109939467273,1.9904563386071925,4.150057433671084
0.0027022800000000347,-0.009553856496173718,1.9904376318547143,4.150089042981321
0.002703280000000035,-0.009572225882984535,1.9904193023492907,4.150120014303634
0.002704280000000035,-0.009590217374707761,1.9904013508145402,4.150150346448558
0.002705280000000035,-0.009607830261070123,1.9903837779591604,4.150180038251238
0.0027062800000000353,-0.009625063846745009,1.9903665844768972,4.150209088571474
0.0027072800000000354,-0.009641917451379975,1.9903497710465223,4.1502374962937525
0.0027082800000000355,-0.009658390409623567,1.9903333383318014,4.150265260327291
0.0027092800000000357,-0.00967448207115161,1.9903172869814703,4.1502923796060776
0.002710280000000036,-0.00969019180069285,1.9903016176292114,4.150318853088904
0.002711280000000036,-0.009705518978054056,1.9902863308936243,4.150344679759404
0.002712280000000036,-0.009720462998144518,1.990271427378204,4.15036985862609
0.002713280000000036,-0.009735023270999912,1.9902569076713172,4.150394388722387
0.0027142800000000363,-0.009749199221805605,1.9902427723461782,4.150418269106664
0.0027152800000000365,-0.009762990290919317,1.9902290219608265,4.1504414988622695
0.0027162800000000366,-0.009776395933893267,1.9902156570581053,4.150464077097567
0.0027172800000000367,-0.00978941562149561,1.9902026781656386,4.150486002945959
0.002718280000000037,-0.00980204883973138,1.9901900857958121,4.1505072755659205
0.002719280000000037,-0.009814295089862755,1.9901778804457513,4.150527894141031
0.002720280000000037,-0.009826153888428753,1.9901660625973039,4.150547857879998
0.0027212800000000373,-0.009837624767264306,1.9901546327170205,4.150567166016687
0.0027222800000000374,-0.009848707273518746,1.9901435912561332,4.150585817810153
0.0027232800000000375,-0.00985940096967373,1.9901329386505417,4.150603812544653
0.0027242800000000377,-0.009869705433560421,1.9901226753207928,4.150621149529692
0.002725280000000038,-0.009879620258376244,1.990112801672067,4.150637828100023
0.002726280000000038,-0.00988914505270088,1.9901033180941599,4.150653847615691
0.002727280000000038,-0.009898279440511764,1.990094224961468,4.150669207462042
0.002728280000000038,-0.009907023061198906,1.990085522632974,4.150683907049749
0.0027292800000000383,-0.009915375569579136,1.990077211452231,4.150697945814836
0.0027302800000000385,-0.009923336635909722,1.9900692917473524,4.15071132321869
0.0027312800000000386,-0.009930905945901392,1.990061763830995,4.150724038748088
0.0027322800000000387,-0.009938083200730752,1.99005462800035,4.150736091915205
0.002733280000000039,-0.00994486811705207,1.990047884537128,4.150747482257645
0.002734280000000039,-0.009951260427008474,1.99004153370755,4.150758209338442
0.002735280000000039,-0.009957259878242503,1.9900355757623382,4.150768272746088
0.0027362800000000393,-0.0099628662339061,1.990030010936702,4.150777672094537
0.0027372800000000394,-0.009968079272669938,1.990024839450333,4.150786407023227
0.0027382800000000395,-0.009972898788732181,1.9900200615073937,4.150794477197082
0.0027392800000000397,-0.00997732459182658,1.990015677296511,4.1508018823065385
0.00274028000000004,-0.009981356507230012,1.9900116869907658,4.150808622067544
0.00274128000000004,-0.009984994375769355,1.9900080907476894,4.150814696221573
0.00274228000000004,-0.009988238053827795,1.9900048887092565,4.150820104535635
0.00274328000000004,-0.009991087413350471,1.990002081001881,4.150824846802272
0.0027442800000000403,-0.00999354234184955,1.9899996677364054,4.15082892283959
0.0027452800000000404,-0.009995602742408656,1.9899976490081033,4.150832332491241
0.0027462800000000406,-0.009997268533686708,1.9899960248966717,4.150835075626442
0.0027472800000000407,-0.009998539649921114,1.9899947954662278,4.150837152139974
0.002748280000000041,-0.009999416040930383,1.9899939607653099,4.150838561952187
0.002749280000000041,-0.009999897672116098,1.9899935208268713,4.150839305009009
0.002750280000000041,-0.009999984524464286,1.9899934756682809,4.150839381281933
0.0027512800000000412,-0.009999676594546165,1.9899938252913225,4.150838790768031
0.0027522800000000414,-0.009998973894518278,1.9899945696821948,4.150837533489955
0.0027532800000000415,-0.009997876452122021,1.9899957088115108,4.1508356094959264
0.0027542800000000416,-0.009996384310682543,1.9899972426343011,4.150833018859739
0.0027552800000000418,-0.009994497529107029,1.9899991710900145,4.150829761680758
0.002756280000000042,-0.009992216181882388,1.99000149410252,4.150825838083917
0.002757280000000042,-0.0099895403590723,1.9900042115801102,4.150821248219707
0.002758280000000042,-0.009986470166313667,1.990007323415505,4.150815992264179
0.0027592800000000423,-0.009983005724812446,1.9900108294858547,4.150810070418938
0.0027602800000000424,-0.00997914717133885,1.9900147296527473,4.1508034829111295
0.0027612800000000426,-0.00997489465822197,1.9900190237622115,4.1507962299934364
0.0027622800000000427,-0.009970248353343737,1.9900237116447237,4.150788311944067
0.002763280000000043,-0.009965208440132312,1.9900287931152165,4.15077972906675
0.002764280000000043,-0.009959775117554843,1.9900342679730838,4.150770481690716
0.002765280000000043,-0.009953948600109596,1.9900401360021882,4.150760570170696
0.0027662800000000432,-0.009947729117817508,1.9900463969708704,4.150749994886903
0.0027672800000000434,-0.009941116916213091,1.9900530506319591,4.150738756245018
0.0027682800000000435,-0.009934112256334742,1.9900600967227813,4.150726854676179
0.0027692800000000436,-0.00992671541471443,1.99006753496517,4.150714290636966
0.0027702800000000438,-0.00991892668336681,1.9900753650654763,4.150701064609382
0.002771280000000044,-0.009910746369777656,1.9900835867145827,4.150687177100837
0.002772280000000044,-0.009902174796891736,1.9900921995879137,4.150672628644133
0.002773280000000044,-0.00989321230310007,1.99010120334545,4.150657419797442
0.0027742800000000443,-0.009883859242226569,1.990110597631739,4.15064155114429
0.0027752800000000444,-0.00987411598351407,1.9901203820759108,4.150625023293535
0.0027762800000000446,-0.009863982911609734,1.9901305562916938,4.150607836879342
0.0027772800000000447,-0.009853460426549892,1.9901411198774293,4.150589992561168
0.002778280000000045,-0.009842548943744232,1.9901520724160846,4.150571491023736
0.002779280000000045,-0.009831248893959421,1.990163413475274,4.150552332977006
0.002780280000000045,-0.009819560723302064,1.9901751426072731,4.150532519156159
0.0027812800000000452,-0.009807484893201142,1.9901872593490364,4.150512050321566
0.0027822800000000454,-0.009795021880389736,1.990199763222218,4.1504909272587565
0.0027832800000000455,-0.009782172176886258,1.9902126537331866,4.1504691507784095
0.0027842800000000456,-0.00976893628997499,1.990225930373048,4.1504467217163
0.0027852800000000458,-0.009755314742186091,1.9902395926176637,4.150423640933291
0.002786280000000046,-0.009741308071274954,1.9902536399276736,4.150399909315293
0.002787280000000046,-0.009726916830200954,1.990268071748515,4.150375527773228
0.002788280000000046,-0.009712141587105646,1.9902828875104457,4.150350497243013
0.0027892800000000463,-0.009696982925290322,1.990298086628565,4.150324818685518
0.0027902800000000464,-0.009681441443193009,1.99031366850284,4.150298493086529
0.0027912800000000466,-0.009665517754364802,1.9903296325181246,4.150271521456721
0.0027922800000000467,-0.00964921248744567,1.9903459780441886,4.150243904831616
0.002793280000000047,-0.009632526286139623,1.9903627044357397,4.150215644271555
0.002794280000000047,-0.009615459809189325,1.99037981103245,4.150186740861651
0.002795280000000047,-0.009598013730350073,1.9903972971589807,4.150157195711761
0.0027962800000000472,-0.00958018873836318,1.9904151621250106,4.150127009956437
0.0027972800000000474,-0.009561985536928807,1.9904334052252626,4.150096184754894
0.0027982800000000475,-0.009543404844678166,1.9904520257395322,4.150064721290965
0.0027992800000000476,-0.009524447395145196,1.9904710229327143,4.150032620773064
0.0028002800000000477,-0.00950511393673752,1.9904903960548328,4.149999884434139
0.002801280000000048,-0.009485405232706993,1.9905101443410704,4.149966513531629
0.002802280000000048,-0.009465322061119497,1.9905302670118004,4.149932509347427
0.002803280000000048,-0.009444865214824252,1.9905507632726158,4.1498978731878235
0.0028042800000000483,-0.009424035501422517,1.9905716323143607,4.149862606383468
0.0028052800000000484,-0.009402833743235715,1.9905928733131615,4.149826710289321
0.0028062800000000485,-0.009381260777272988,1.9906144854304606,4.14979018628461
0.0028072800000000487,-0.009359317455198038,1.99063646781305,4.1497530357727745
0.002808280000000049,-0.00933700464329569,1.9906588195931039,4.149715260181418
0.002809280000000049,-0.009314323222437524,1.9906815398882136,4.149676860962262
0.002810280000000049,-0.009291274088047224,1.9907046278014218,4.149637839591091
0.002811280000000049,-0.009267858150065138,1.990728082421258,4.1495981975677
0.0028122800000000493,-0.009244076332912403,1.9907519028217748,4.149557936415851
0.0028132800000000495,-0.009219929575454424,1.9907760880625855,4.1495170576832034
0.0028142800000000496,-0.009195418830963868,1.9908006371888989,4.149475562941271
0.0028152800000000497,-0.00917054506708293,1.9908255492315592,4.149433453785365
0.00281628000000005,-0.009145309265785245,1.9908508232070814,4.149390731834536
0.00281728000000005,-0.009119712423337027,1.9908764581176934,4.149347398731521
0.00281828000000005,-0.009093755550257767,1.9909024529513752,4.149303456142673
0.0028192800000000503,-0.009067439671280403,1.9909288066818953,4.14925890575792
0.0028202800000000504,-0.009040765825310744,1.9909555182688548,4.149213749290694
0.0028212800000000505,-0.009013735065386604,1.990982586657727,4.149167988477868
0.0028222800000000507,-0.008986348458636037,1.9910100107798996,4.149121625079711
0.002823280000000051,-0.008958607086235432,1.9910377895527167,4.149074660879803
0.002824280000000051,-0.00893051204336664,1.9910659218795197,4.149027097684991
0.002825280000000051,-0.008902064439173877,1.9910944066496947,4.148978937325314
0.002826280000000051,-0.00887326539671983,1.9911232427387127,4.148930181653945
0.0028272800000000513,-0.00884411605294137,1.991152429008175,4.148880832547121
0.0028282800000000515,-0.008814617558604708,1.9911819643058597,4.148830891904077
0.0028292800000000516,-0.008784771078259857,1.9912118474657643,4.148780361646983
0.0028302800000000517,-0.008754577790194791,1.9912420773081532,4.148729243720869
0.002831280000000052,-0.008724038886388806,1.9912726526396054,4.148677540093566
0.002832280000000052,-0.008693155572465534,1.99130357225306,4.148625252755623
0.002833280000000052,-0.00866192906764531,1.9913348349278657,4.148572383720246
0.0028342800000000523,-0.00863036060469711,1.9913664394298258,4.14851893502323
0.0028352800000000524,-0.008598451429889766,1.9913983845112502,4.148464908722871
0.0028362800000000525,-0.00856620280294291,1.9914306689110026,4.148410306899912
0.0028372800000000527,-0.008533615996977047,1.9914632913545514,4.148355131657453
0.002838280000000053,-0.008500692298463513,1.99149625055402,4.148299385120889
0.002839280000000053,-0.008467433007173572,1.9915295452082362,4.1482430694378225
0.002840280000000053,-0.008433839436127076,1.9915631740027848,4.148186186778001
0.002841280000000053,-0.008399912911540687,1.9915971356100597,4.148128739333227
0.0028422800000000533,-0.008365654772775486,1.991631428689317,4.148070729317285
0.0028432800000000535,-0.00833106637228417,1.9916660518867246,4.148012158965867
0.0028442800000000536,-0.008296149075557528,1.9917010038354188,4.147953030536484
0.0028452800000000537,-0.008260904261070684,1.991736283155558,4.147893346308393
0.002846280000000054,-0.008225333320228548,1.991771888454376,4.147833108582512
0.002847280000000054,-0.008189437657310955,1.9918078183262375,4.14777231968134
0.002848280000000054,-0.008153218689417194,1.9918440713526946,4.14771098194887
0.0028492800000000543,-0.00811667784641012,1.99188064610254,4.14764909775051
0.0028502800000000544,-0.00807981657085967,1.9919175411318673,4.147586669472999
0.0028512800000000545,-0.008042636317985866,1.9919547549841243,4.147523699524315
0.0028522800000000547,-0.008005138555601424,1.9919922861901733,4.1474601903335975
0.0028532800000000548,-0.00796732476405378,1.9920301332683472,4.147396144351054
0.002854280000000055,-0.007929196436166719,1.9920682947245096,4.147331564047877
0.002855280000000055,-0.007890755077181292,1.9921067690521128,4.147266451916148
0.002856280000000055,-0.0078520022046966,1.9921455547322569,4.14720081046876
0.0028572800000000553,-0.007812939348609603,1.9921846502337501,4.147134642239319
0.0028582800000000554,-0.0077735680510550185,1.9922240540131706,4.147067949782051
0.0028592800000000556,-0.007733889866344282,1.992263764514927,4.147000735671716
0.0028602800000000557,-0.007693906360904162,1.9923037801713164,4.146933002503516
0.002861280000000056,-0.00765361911321499,1.99234409940259,4.146864752893001
0.002862280000000056,-0.007613029713748302,1.992384720617015,4.146795989475967
0.002863280000000056,-0.007572139764904132,1.992425642210936,4.146726714908377
0.0028642800000000562,-0.0075309508809476,1.992466862568841,4.146656931866244
0.0028652800000000564,-0.007489464687945367,1.9925083800634218,4.1465866430455565
0.0028662800000000565,-0.007447682823701268,1.992550193055639,4.146515851162169
0.0028672800000000566,-0.0074056069376917675,1.9925922998947891,4.146444558951709
0.0028682800000000568,-0.007363238691000772,1.992634698918567,4.146372769169469
0.002869280000000057,-0.007320579756254141,1.9926773884531321,4.146300484590324
0.002870280000000057,-0.007277631817553596,1.992720366813176,4.146227708008617
0.002871280000000057,-0.007234396570410195,1.9927636323019884,4.14615444223806
0.0028722800000000573,-0.007190875721677467,1.9928071832115222,4.1460806901116385
0.0028732800000000574,-0.007147070989483972,1.9928510178224634,4.146006454481506
0.0028742800000000576,-0.007102984103165585,1.992895134404298,4.145931738218875
0.0028752800000000577,-0.00705861680319706,1.9929395312153801,4.145856544213926
0.002876280000000058,-0.0070139708411234335,1.9929842065030003,4.1457808753756895
0.002877280000000058,-0.006969047979490816,1.9930291585034565,4.145704734631948
0.002878280000000058,-0.006923849991776913,1.9930743854421207,4.1456281249291305
0.0028792800000000582,-0.0068783786623208415,1.9931198855335122,4.145551049232201
0.0028802800000000584,-0.006832635786252876,1.993165656981367,4.14547351052455
0.0028812800000000585,-0.0067866231694234174,1.9932116979787073,4.145395511807894
0.0028822800000000586,-0.006740342628331764,1.9932580067079149,4.145317056102159
0.0028832800000000588,-0.0066937959900544835,1.9933045813408006,4.145238146445375
0.002884280000000059,-0.0066469850921731044,1.993351420038679,4.145158785893565
0.002885280000000059,-0.006599911782701775,1.9933985209524403,4.145078977520622
0.002886280000000059,-0.0065525779200141234,1.9934458822226209,4.1449987244182225
0.0028872800000000593,-0.00650498537277,1.9934935019794815,4.1449180296956865
0.0028882800000000594,-0.006457136019841651,1.9935413783430764,4.144836896479882
0.0028892800000000596,-0.006409031750239654,1.993589509423329,4.144755327915105
0.0028902800000000597,-0.0063606744630381774,1.993637893320108,4.144673327162962
0.00289128000000006,-0.006312066067300093,1.9936865281233016,4.144590897402258
0.00289228000000006,-0.006263208482001685,1.9937354119128918,4.144508041828881
0.00289328000000006,-0.006214103635956713,1.993784542759032,4.144424763655681
0.0028942800000000602,-0.006164753467740469,1.9938339187221197,4.144341066112358
0.0028952800000000604,-0.006115159925613067,1.9938835378528796,4.144256952445336
0.0028962800000000605,-0.006065324967442633,1.9939333981924334,4.144172425917651
0.0028972800000000606,-0.006015250560627957,1.993983497772382,4.144087489808828
0.0028982800000000608,-0.005964938682020934,1.99403383461488,4.144002147414761
0.002899280000000061,-0.005914391317848328,1.9940844067327166,4.143916402047593
0.002900280000000061,-0.0058636104636335794,1.9941352121293923,4.143830257035595
0.002901280000000061,-0.005812598124117838,1.9941862487991975,4.143743715723038
0.0029022800000000613,-0.005761356313180889,1.9942375147272937,4.143656781470077
0.0029032800000000614,-0.005709887053761746,1.9942890078897908,4.143569457652622
0.0029042800000000616,-0.005658192377778585,1.9943407262538282,4.143481747662217
0.0029052800000000617,-0.005606274326048785,1.994392667777654,4.143393654905911
0.002906280000000062,-0.005554134948208012,1.994444830410707,4.143305182806144
0.002907280000000062,-0.005501776302629716,1.9944972120936963,4.1432163348006
0.002908280000000062,-0.005449200456343513,1.9945498107586854,4.143127114342097
0.002909280000000062,-0.005396409484953847,1.9946026243291688,4.143037524898456
0.0029102800000000623,-0.0053434054725578495,1.9946556507201585,4.142947569952366
0.0029112800000000625,-0.005290190511663171,1.9947088878382642,4.142857253001265
0.0029122800000000626,-0.005236766703105319,1.9947623335817777,4.142766577557195
0.0029132800000000627,-0.005183136155964809,1.9948159858407533,4.142675547146695
0.002914280000000063,-0.005129300987483843,1.9948698424970925,4.142584165310648
0.002915280000000063,-0.00507526332298266,1.9949239014246274,4.142492435604164
0.002916280000000063,-0.005021025295775729,1.9949781604892056,4.1424003615964375
0.0029172800000000633,-0.004966589047087462,1.9950326175487736,4.142307946870624
0.0029182800000000634,-0.00491195672596781,1.9950872704534606,4.1422151950237005
0.0029192800000000635,-0.004857130489207202,1.9951421170456645,4.142122109666334
0.0029202800000000637,-0.004802112501251682,1.9951971551601362,4.14202869442275
0.002921280000000064,-0.004746904934117084,1.995252382624067,4.141934952930589
0.002922280000000064,-0.00469150996730369,1.9953077972571718,4.141840888840777
0.002923280000000064,-0.00463592978770997,1.9953633968717779,4.141746505817392
0.002924280000000064,-0.004580166589546214,1.995419179272908,4.141651807537517
0.0029252800000000643,-0.004524222574248005,1.9954751422583696,4.141556797691115
0.0029262800000000645,-0.004468099950389242,1.9955312836188415,4.141461479980884
0.0029272800000000646,-0.004411800933595082,1.9955876011379587,4.141365858122116
0.0029282800000000647,-0.004355327746454245,1.9956440925924046,4.141269935842563
0.002929280000000065,-0.0042986826184315255,1.9957007557519935,4.141173716882297
0.002930280000000065,-0.004241867785779554,1.995757588379762,4.141077204993565
0.002931280000000065,-0.004184885491450642,1.9958145882320575,4.140980403940655
0.0029322800000000653,-0.004127737985008165,1.995871753058623,4.140883317499749
0.0029332800000000654,-0.00407042752253786,1.9959290806026904,4.140785949458783
0.0029342800000000655,-0.004012956366558686,1.9959865686010676,4.140688303617305
0.0029352800000000657,-0.003955326785933442,1.9960442147842277,4.140590383786336
0.002936280000000066,-0.003897541055779294,1.9961020168763994,4.140492193788211
0.002937280000000066,-0.0038396014573778897,1.996159972595656,4.1403937374564554
0.002938280000000066,-0.003781510278085432,1.9962180796540059,4.1402950186356335
0.002939280000000066,-0.0037232698112421446,1.996276335757484,4.140196041181188
0.0029402800000000663,-0.0036648823560820353,1.9963347386062391,4.140096808959319
0.0029412800000000665,-0.0036063502176417253,1.9963932858946285,4.139997325846825
0.0029422800000000666,-0.0035476757066699163,1.996451975311307,4.139897595730951
0.0029432800000000667,-0.003488861139535768,1.9965108045393165,4.139797622509257
0.002944280000000067,-0.003429908838137752,1.996569771256182,4.139697410089452
0.002945280000000067,-0.0033708211298117507,1.9966288731339987,4.139596962389263
0.002946280000000067,-0.003311600347239281,1.9966881078395275,4.139496283336273
0.0029472800000000673,-0.003252248828355504,1.996747473034285,4.13939537686778
0.0029482800000000674,-0.003192768916256692,1.9968069663746357,4.139294246930644
0.0029492800000000675,-0.0031331629591079954,1.9968665855118848,4.139192897481142
0.0029502800000000677,-0.003073433310050508,1.9969263280923724,4.139091332484806
0.002951280000000068,-0.0030135823271085,1.9969861917575653,4.138989555916286
0.002952280000000068,-0.002953612373096264,1.9970461741441483,4.13888757175919
0.002953280000000068,-0.0028935258155249654,1.9971062728841216,4.138785384005932
0.002954280000000068,-0.0028333250265089468,1.9971664856048912,4.138682996657583
0.0029552800000000683,-0.002773012382672344,1.997226809929362,4.138580413723722
0.0029562800000000685,-0.002712590265055032,1.9972872434760351,4.13847763922227
0.0029572800000000686,-0.0026520610590187194,1.997347783859098,4.138374677179353
0.0029582800000000687,-0.0025914271541528865,1.9974084286885214,4.138271531629131
0.002959280000000069,-0.0025306909441802426,1.9974691755701517,4.138168206613658
0.002960280000000069,-0.002469854826862359,1.9975300221058077,4.138064706182719
0.002961280000000069,-0.002408921203904945,1.9975909658933737,4.137961034393677
0.0029622800000000693,-0.0023478924808631695,1.9976520045268937,4.137857195311318
0.0029632800000000694,-0.0022867710670464504,1.9977131355966686,4.137753193007692
0.0029642800000000695,-0.002225559375423618,1.9977743566893493,4.137649031561958
0.0029652800000000696,-0.0021642598225274125,1.9978356653880331,4.137544715060237
0.0029662800000000698,-0.002102874828359185,1.9978970592723582,4.137440247595433
0.00296728000000007,-0.002041406816293467,1.9979585359186012,4.137335633267094
0.00296828000000007,-0.001979858212982055,1.9980200928997691,4.13723087618125
0.00296928000000007,-0.0019182314482584898,1.9980817277856993,4.137125980450251
0.0029702800000000703,-0.0018565289550418855,1.9981434381431533,4.137020950192608
0.0029712800000000704,-0.001794753169241023,1.998205221535913,4.1369157895328375
0.0029722800000000706,-0.0017329065296581136,1.9982670755248775,4.1368105026013
0.0029732800000000707,-0.0016709914778926594,1.998328997668158,4.136705093534044
0.002974280000000071,-0.0016090104582448539,1.9983909855211746,4.136599566472638
0.002975280000000071,-0.0015469659176192239,1.9984530366367546,4.13649392556402
0.002976280000000071,-0.001484860305427961,1.9985151485652264,4.136388174960331
0.0029772800000000712,-0.001422696073494328,1.9985773188545197,4.13628231881875
0.0029782800000000714,-0.0013604756759557945,1.998639545050258,4.1361763613013425
0.0029792800000000715,-0.0012982015691670819,1.9987018246958608,4.136070306574888
0.0029802800000000716,-0.0012358762116032953,1.9987641553326332,4.135964158810732
0.0029812800000000718,-0.0011735020637627985,1.9988265344998697,4.135857922184611
0.002982280000000072,-0.001111081588070217,1.99888895973495,4.135751600876492
0.002983280000000072,-0.0010486172487789798,1.998951428573432,4.1356451990704155
0.002984280000000072,-0.0009861115118743162,1.9990139385491554,4.13553872095433
0.0029852800000000723,-0.0009235668449756571,1.999076487194334,4.135432170719927
0.0029862800000000724,-0.0008609857172393227,1.9991390720396562,4.135325552562474
0.0029872800000000726,-0.0007983705992611509,1.9992016906143797,4.135218870680658
0.0029882800000000727,-0.0007357239629787142,1.999264340446431,4.1351121292764255
0.002989280000000073,-0.0006730482815740513,1.9993270190625039,4.135005332554797
0.002990280000000073,-0.0006103460293756041,1.9993897239881546,4.134898484723726
0.002991280000000073,-0.0005476196817610323,1.9994524527479014,4.134791589993919
0.0029922800000000732,-0.00048487171505906437,1.999515202865321,4.134684652578682
0.0029932800000000734,-0.00042210460645205467,1.999577971863148,4.1345776766937385
0.0029942800000000735,-0.0003593208338779411,1.9996407572633694,4.134470666557087
0.0029952800000000736,-0.0002965228759325618,1.9997035565873282,4.134363626388812
0.0029962800000000738,-0.0002337132117717337,1.9997663673558146,4.134256560410939
0.002997280000000074,-0.00017089432101348594,1.9998291870891673,4.134149472847249
0.002998280000000074,-0.00010806868364009805,1.999892013307373,4.134042367923127
0.002999280000000074,-4.5238779900123245e-05,1.9999548435301622,4.1339352498653845
0.003,-7.347880794884118e-18,2.000000082377674,4.133858119105113
