time_s,vin_V,vout_V
0.0,0.0,0.0
1e-08,0.01,9.999000099990003e-07
1.0840056e-08,0.010840056,1.0909533862109823e-06
1.2520168e-08,0.012520168,1.2871723719483035e-06
1.5880392e-08,0.015880392,1.764282320719038e-06
2.260084e-08,0.02260084,3.0571759020823657e-06
3.6041736e-08,0.036041736000000005,6.9975440057998886e-06
6.2923528e-08,0.062923528,2.0295693760462128e-05
1.16687112e-07,0.11668711200000001,6.855436792635641e-05
2.2421427999999998e-07,0.22421428,0.0002516630138304223
4.3926861599999994e-07,0.43926861599999995,0.0009637804501281716
8.693772879999999e-07,0.8693772879999999,0.003767904515881305
1e-06,1.0,0.0049831047686027495
1.0860217344e-06,1.0,0.005838299905764338
1.2580652032e-06,1.0,0.007547220137264863
1.6021521408e-06,1.0,0.010956255491943808
2.2903260160000003e-06,1.0,0.017739256734694533
3.290326016e-06,1.0,0.027512995473652796
4.290326016e-06,1.0,0.03718948308088013
5.2903260159999995e-06,1.0,0.046769687229329095
6.290326015999999e-06,1.0,0.056254565963365644
7.290326015999999e-06,1.0,0.06564506779457595
8.290326015999999e-06,1.0,0.07494213179661997
9.290326016e-06,1.0,0.08414668769914117
1.0290326016e-05,1.0,0.09325965598074178
1.1290326016e-05,1.0,0.10228194796103293
1.2290326016000001e-05,1.0,0.11121446589176893
1.3290326016000002e-05,1.0,0.12005810304707472
1.4290326016000002e-05,1.0,0.12881374381277547
1.5290326016e-05,1.0,0.1374822637748374
1.6290326016000002e-05,1.0,0.1460645298069286
1.7290326016000002e-05,1.0,0.15456140015710845
1.8290326016000003e-05,1.0,0.16297372453365463
1.9290326016000004e-05,1.0,0.17130234419003615
2.0290326016000004e-05,1.0,0.1795480920090408
2.1290326016000005e-05,1.0,0.18771179258606527
2.2290326016000005e-05,1.0,0.195794262311577
2.3290326016000006e-05,1.0,0.20379630945275534
2.4290326016000006e-05,1.0,0.21171873423432
2.5290326016000007e-05,1.0,0.2195623289185557
2.6290326016000008e-05,1.0,0.2273278778845403
2.7290326016000008e-05,1.0,0.23501615770658468
2.829032601600001e-05,1.0,0.24262793723189233
2.929032601600001e-05,1.0,0.2501639776574456
3.029032601600001e-05,1.0,0.2576250326061277
3.129032601600001e-05,1.0,0.2650118482020866
3.229032601600001e-05,1.0,0.2723251631453495
3.3290326016000005e-05,1.0,0.2795657087856943
3.4290326016e-05,1.0,0.2867342091957869
3.5290326016e-05,1.0,0.29383138124359004
3.6290326015999997e-05,1.0,0.3008579346640518
3.7290326015999994e-05,1.0,0.3078145721300811
3.829032601599999e-05,1.0,0.3147019893228167
3.929032601599999e-05,1.0,0.32152087500119664
4.0290326015999985e-05,1.0,0.32827191107083664
4.129032601599998e-05,1.0,0.3349557726522215
4.229032601599998e-05,1.0,0.3415731281482194
4.329032601599998e-05,1.0,0.3481246393109238
4.4290326015999974e-05,1.0,0.3546109613078301
4.529032601599997e-05,1.0,0.3610327427873542
4.629032601599997e-05,1.0,0.36739062594369903
4.7290326015999966e-05,1.0,0.3736852465810752
4.829032601599996e-05,1.0,0.37991723417728346
4.929032601599996e-05,1.0,0.38608721194666373
5.029032601599996e-05,1.0,0.39219579690241835
5.1290326015999955e-05,1.0,0.39824359991831465
5.229032601599995e-05,1.0,0.4042312257897742
5.329032601599995e-05,1.0,0.4101592732943537
5.4290326015999946e-05,1.0,0.41602833525162386
5.5290326015999943e-05,1.0,0.42183899858245355
5.629032601599994e-05,1.0,0.4275918443677029
5.729032601599994e-05,1.0,0.4332874479063328
5.8290326015999935e-05,1.0,0.4389263787729365
5.929032601599993e-05,1.0,0.44450920087469853
6.029032601599993e-05,1.0,0.45003647250778617
6.129032601599993e-05,1.0,0.45550874641318134
6.229032601599992e-05,1.0,0.4609265698319557
6.329032601599992e-05,1.0,0.46629048455999605
6.429032601599992e-05,1.0,0.47160102700218515
6.529032601599992e-05,1.0,0.476858728226044
6.629032601599991e-05,1.0,0.48206411401483956
6.729032601599991e-05,1.0,0.4872177049201646
6.829032601599991e-05,1.0,0.4923200163139938
6.92903260159999e-05,1.0,0.4973715584402228
7.02903260159999e-05,1.0,0.5023728364656933
7.12903260159999e-05,1.0,0.5073243505307113
7.22903260159999e-05,1.0,0.5122265957990625
7.329032601599989e-05,1.0,0.5170800625075295
7.429032601599989e-05,1.0,0.5218852360149172
7.529032601599989e-05,1.0,0.5266425968505897
7.629032601599988e-05,1.0,0.5313526207625242
7.729032601599988e-05,1.0,0.5360157787648872
7.829032601599988e-05,1.0,0.540632537185137
7.929032601599988e-05,1.0,0.5452033577106581
8.029032601599987e-05,1.0,0.5497286974349301
8.129032601599987e-05,1.0,0.5542090089032394
8.229032601599987e-05,1.0,0.5586447401579336
8.329032601599987e-05,1.0,0.5630363347832279
8.429032601599986e-05,1.0,0.567384231949564
8.529032601599986e-05,1.0,0.5716888664575287
8.629032601599986e-05,1.0,0.5759506687813346
8.729032601599985e-05,1.0,0.5801700651118687
8.829032601599985e-05,1.0,0.5843474773993128
8.929032601599985e-05,1.0,0.5884833233953395
9.029032601599985e-05,1.0,0.5925780166948883
9.129032601599984e-05,1.0,0.5966319667775262
9.229032601599984e-05,1.0,0.6006455790483964
9.329032601599984e-05,1.0,0.6046192548787608
9.429032601599983e-05,1.0,0.6085533916461362
9.529032601599983e-05,1.0,0.6124483827740352
9.629032601599983e-05,1.0,0.6163046177713086
9.729032601599983e-05,1.0,0.6201224822710966
9.829032601599982e-05,1.0,0.623902358069394
9.929032601599982e-05,1.0,0.6276446231632308
0.00010029032601599982,1.0,0.6313496517884722
0.00010129032601599981,1.0,0.6350178144572436
0.00010229032601599981,1.0,0.6386494779949827
0.00010329032601599981,1.0,0.6422450055771223
0.0001042903260159998,1.0,0.6458047567654097
0.0001052903260159998,1.0,0.6493290875438632
0.0001062903260159998,1.0,0.6528183503543722
0.0001072903260159998,1.0,0.6562728941319407
0.0001082903260159998,1.0,0.6596930643395832
0.00010929032601599979,1.0,0.6630792030028708
0.00011029032601599979,1.0,0.6664316487441359
0.00011129032601599979,1.0,0.6697507368163337
0.00011229032601599978,1.0,0.6730367991365691
0.00011329032601599978,1.0,0.6762901643192898
0.00011429032601599978,1.0,0.6795111577091476
0.00011529032601599978,1.0,0.6827001014135343
0.00011629032601599977,1.0,0.6858573143347927
0.00011729032601599977,1.0,0.6889831122021082
0.00011829032601599977,1.0,0.6920778076030821
0.00011929032601599976,1.0,0.695141710014992
0.00012029032601599976,1.0,0.6981751258357386
0.00012129032601599976,1.0,0.7011783584144875
0.00012229032601599976,1.0,0.7041517080820051
0.00012329032601599975,1.0,0.7070954721806916
0.00012429032601599975,1.0,0.7100099450943164
0.00012529032601599975,1.0,0.7128954182774574
0.00012629032601599974,1.0,0.7157521802846468
0.00012729032601599974,1.0,0.7185805167992273
0.00012829032601599974,1.0,0.7213807106619214
0.00012929032601599974,1.0,0.7241530418991164
0.00013029032601599973,1.0,0.7268977877508667
0.00013129032601599973,1.0,0.7296152226986192
0.00013229032601599973,1.0,0.7323056184926631
0.00013329032601599973,1.0,0.7349692441793036
0.00013429032601599972,1.0,0.7376063661277685
0.00013529032601599972,1.0,0.7402172480568456
0.00013629032601599972,1.0,0.7428021510612551
0.00013729032601599971,1.0,0.74536133363776
0.0001382903260159997,1.0,0.7478950517110162
0.0001392903260159997,1.0,0.7504035586591655
0.0001402903260159997,1.0,0.7528871053391739
0.0001412903260159997,1.0,0.7553459401119186
0.0001422903260159997,1.0,0.757780308867024
0.0001432903260159997,1.0,0.7601904550474518
0.0001442903260159997,1.0,0.7625766196738456
0.0001452903260159997,1.0,0.7649390413686333
0.0001462903260159997,1.0,0.7672779563798906
0.00014729032601599969,1.0,0.7695935986049666
0.00014829032601599968,1.0,0.7718861996138726
0.00014929032601599968,1.0,0.7741559886724412
0.00015029032601599968,1.0,0.7764031927652527
0.00015129032601599967,1.0,0.7786280366183349
0.00015229032601599967,1.0,0.7808307427216351
0.00015329032601599967,1.0,0.7830115313512707
0.00015429032601599967,1.0,0.7851706205915565
0.00015529032601599966,1.0,0.7873082263568145
0.00015629032601599966,1.0,0.7894245624129659
0.00015729032601599966,1.0,0.7915198403989068
0.00015829032601599966,1.0,0.793594269847674
0.00015929032601599965,1.0,0.7956480582073987
0.00016029032601599965,1.0,0.7976814108620516
0.00016129032601599965,1.0,0.7996945311519814
0.00016229032601599964,1.0,0.8016876203942505
0.00016329032601599964,1.0,0.8036608779027656
0.00016429032601599964,1.0,0.8056145010082109
0.00016529032601599964,1.0,0.8075486850777809
0.00016629032601599963,1.0,0.8094636235347186
0.00016729032601599963,1.0,0.811359507877657
0.00016829032601599963,1.0,0.8132365276997698
0.00016929032601599962,1.0,0.8150948707077323
0.00017029032601599962,1.0,0.8169347227404912
0.00017129032601599962,1.0,0.8187562677878497
0.00017229032601599962,1.0,0.8205596880088663
0.0001732903260159996,1.0,0.8223451637500716
0.0001742903260159996,1.0,0.8241128735635038
0.0001752903260159996,1.0,0.8258629942245634
0.0001762903260159996,1.0,0.8275957007496921
0.0001772903260159996,1.0,0.8293111664138746
0.0001782903260159996,1.0,0.8310095627679657
0.0001792903260159996,1.0,0.8326910596558467
0.0001802903260159996,1.0,0.8343558252314104
0.0001812903260159996,1.0,0.8360040259753766
0.0001822903260159996,1.0,0.83763582671194
0.00018329032601599959,1.0,0.8392513906252541
0.00018429032601599958,1.0,0.8408508792757493
0.00018529032601599958,1.0,0.8424344526162891
0.00018629032601599958,1.0,0.8440022690081669
0.00018729032601599957,1.0,0.8455544852369414
0.00018829032601599957,1.0,0.8470912565281162
0.00018929032601599957,1.0,0.8486127365626625
0.00019029032601599957,1.0,0.8501190774923874
0.00019129032601599956,1.0,0.8516104299551499
0.00019229032601599956,1.0,0.8530869430899246
0.00019329032601599956,1.0,0.8545487645517166
0.00019429032601599955,1.0,0.8559960405263264
0.00019529032601599955,1.0,0.8574289157449699
0.00019629032601599955,1.0,0.8588475334987515
0.00019729032601599955,1.0,0.8602520356529929
0.00019829032601599954,1.0,0.8616425626614209
0.00019929032601599954,1.0,0.8630192535802127
0.00020029032601599954,1.0,0.8643822460819024
0.00020129032601599953,1.0,0.8657316764691474
0.00020229032601599953,1.0,0.86706767968836
0.00020329032601599953,1.0,0.8683903893432023
0.00020429032601599953,1.0,0.8696999377079466
0.00020529032601599952,1.0,0.8709964557407033
0.00020629032601599952,1.0,0.8722800730965172
0.00020729032601599952,1.0,0.873550918140333
0.00020829032601599952,1.0,0.8748091179598323
0.0002092903260159995,1.0,0.8760547983781424
0.0002102903260159995,1.0,0.8772880839664197
0.0002112903260159995,1.0,0.8785090980563061
0.0002122903260159995,1.0,0.879717962752263
0.0002132903260159995,1.0,0.8809147989437829
0.0002142903260159995,1.0,0.8820997263174767
0.0002152903260159995,1.0,0.8832728633690441
0.0002162903260159995,1.0,0.8844343274151233
0.0002172903260159995,1.0,0.8855842346050226
0.0002182903260159995,1.0,0.8867226999323358
0.00021929032601599948,1.0,0.887849837246442
0.00022029032601599948,1.0,0.8889657592638905
0.00022129032601599948,1.0,0.8900705775796729
0.00022229032601599948,1.0,0.8911644026783826
0.00022329032601599947,1.0,0.8922473439452645
0.00022429032601599947,1.0,0.8933195096771525
0.00022529032601599947,1.0,0.8943810070933002
0.00022629032601599946,1.0,0.8954319423461031
0.00022729032601599946,1.0,0.8964724205317142
0.00022829032601599946,1.0,0.8975025457005528
0.00022929032601599946,1.0,0.8985224208677117
0.00023029032601599945,1.0,0.8995321480232572
0.00023129032601599945,1.0,0.9005318281424289
0.00023229032601599945,1.0,0.9015215611957382
0.00023329032601599945,1.0,0.9025014461589649
0.00023429032601599944,1.0,0.9034715810230549
0.00023529032601599944,1.0,0.9044320628039202
0.00023629032601599944,1.0,0.90538298755214
0.00023729032601599943,1.0,0.9063244503625665
0.00023829032601599943,1.0,0.9072565453838346
0.00023929032601599943,1.0,0.9081793658277768
0.00024029032601599943,1.0,0.9090930039787445
0.00024129032601599942,1.0,0.9099975512028367
0.00024229032601599942,1.0,0.9108930979570373
0.00024329032601599942,1.0,0.9117797337982609
0.00024429032601599944,1.0,0.9126575473923083
0.00024529032601599947,1.0,0.9135266265227331
0.0002462903260159995,1.0,0.9143870580996213
0.0002472903260159995,1.0,0.9152389281682818
0.00024829032601599954,1.0,0.9160823219178511
0.00024929032601599956,1.0,0.9169173236898128
0.0002502903260159996,1.0,0.9177440169864319
0.0002512903260159996,1.0,0.9185624844791046
0.00025229032601599964,1.0,0.919372808016626
0.00025329032601599966,1.0,0.9201750686333762
0.0002542903260159997,1.0,0.9209693465574222
0.0002552903260159997,1.0,0.9217557212185424
0.00025629032601599973,1.0,0.9225342712561689
0.00025729032601599976,1.0,0.9233050745272521
0.0002582903260159998,1.0,0.9240682081140458
0.0002592903260159998,1.0,0.9248237483318165
0.00026029032601599983,1.0,0.9255717707364751
0.00026129032601599985,1.0,0.9263123501321322
0.0002622903260159999,1.0,0.9270455605785787
0.0002632903260159999,1.0,0.9277714753986923
0.00026429032601599993,1.0,0.9284901671857699
0.00026529032601599995,1.0,0.9292017078107873
0.000266290326016,1.0,0.9299061684295855
0.000267290326016,1.0,0.9306036194899877
0.000268290326016,1.0,0.9312941307388436
0.00026929032601600005,1.0,0.9319777712290045
0.0002702903260160001,1.0,0.9326546093262281
0.0002712903260160001,1.0,0.9333247127160168
0.0002722903260160001,1.0,0.9339881484103848
0.00027329032601600015,1.0,0.9346449827545599
0.00027429032601600017,1.0,0.9352952814336187
0.0002752903260160002,1.0,0.9359391094790555
0.0002762903260160002,1.0,0.936576531275284
0.00027729032601600024,1.0,0.9372076105660774
0.00027829032601600027,1.0,0.9378324104609423
0.0002792903260160003,1.0,0.9384509934414307
0.0002802903260160003,1.0,0.9390634213673867
0.00028129032601600034,1.0,0.9396697554831345
0.00028229032601600037,1.0,0.9402700564236007
0.0002832903260160004,1.0,0.9408643842203808
0.0002842903260160004,1.0,0.9414527983077401
0.00028529032601600044,1.0,0.9420353575285588
0.00028629032601600046,1.0,0.9426121201402151
0.0002872903260160005,1.0,0.943183143820412
0.0002882903260160005,1.0,0.9437484856729453
0.00028929032601600054,1.0,0.9443082022334137
0.00029029032601600056,1.0,0.9448623494748721
0.0002912903260160006,1.0,0.9454109828134305
0.0002922903260160006,1.0,0.9459541571137945
0.00029329032601600063,1.0,0.9464919266947519
0.00029429032601600066,1.0,0.9470243453346052
0.0002952903260160007,1.0,0.9475514662765495
0.0002962903260160007,1.0,0.948073342233997
0.00029729032601600073,1.0,0.9485900253958477
0.00029829032601600075,1.0,0.9491015674317099
0.0002992903260160008,1.0,0.9496080194970662
0.0003002903260160008,1.0,0.950109432238389
0.00030129032601600083,1.0,0.950605855798206
0.00030229032601600085,1.0,0.9510973398201145
0.0003032903260160009,1.0,0.9515839334537451
0.0003042903260160009,1.0,0.9520656853596782
0.0003052903260160009,1.0,0.9525426437143082
0.00030629032601600095,1.0,0.9530148562146633
0.000307290326016001,1.0,0.9534823700831743
0.000308290326016001,1.0,0.9539452320723968
0.000309290326016001,1.0,0.9544034884696867
0.00031029032601600105,1.0,0.9548571851018293
0.00031129032601600107,1.0,0.955306367339622
0.0003122903260160011,1.0,0.955751080102412
0.0003132903260160011,1.0,0.9561913678625872
0.00031429032601600114,1.0,0.9566272746500243
0.00031529032601600117,1.0,0.957058844056492
0.0003162903260160012,1.0,0.9574861192400097
0.0003172903260160012,1.0,0.9579091429291637
0.00031829032601600124,1.0,0.9583279574273811
0.00031929032601600126,1.0,0.9587426046171585
0.0003202903260160013,1.0,0.9591531259642516
0.0003212903260160013,1.0,0.9595595625218215
0.00032229032601600134,1.0,0.9599619549345398
0.00032329032601600136,1.0,0.9603603434426539
0.0003242903260160014,1.0,0.9607547678860104
0.0003252903260160014,1.0,0.9611452677080402
0.00032629032601600143,1.0,0.9615318819597017
0.00032729032601600146,1.0,0.9619146493033865
0.0003282903260160015,1.0,0.9622936080167857
0.0003292903260160015,1.0,0.9626687959967182
0.00033029032601600153,1.0,0.9630402507629201
0.00033129032601600156,1.0,0.9634080094617967
0.0003322903260160016,1.0,0.9637721088701371
0.0003332903260160016,1.0,0.9641325853987924
0.00033429032601600163,1.0,0.964489475096317
0.00033529032601600165,1.0,0.9648428136525726
0.0003362903260160017,1.0,0.9651926364022985
0.0003372903260160017,1.0,0.965538978328644
0.0003382903260160017,1.0,0.9658818740666675
0.00033929032601600175,1.0,0.9662213579068003
0.0003402903260160018,1.0,0.9665574637982749
0.0003412903260160018,1.0,0.9668902253525211
0.0003422903260160018,1.0,0.9672196758465261
0.00034329032601600185,1.0,0.9675458482261627
0.00034429032601600187,1.0,0.9678687751094847
0.0003452903260160019,1.0,0.9681884887899878
0.0003462903260160019,1.0,0.9685050212398388
0.00034729032601600195,1.0,0.9688184041130744
0.00034829032601600197,1.0,0.9691286687487654
0.000349290326016002,1.0,0.9694358461741508
0.000350290326016002,1.0,0.9697399671077415
0.00035129032601600204,1.0,0.9700410619623909
0.00035229032601600207,1.0,0.9703391608483375
0.0003532903260160021,1.0,0.9706342935762149
0.0003542903260160021,1.0,0.9709264896600337
0.00035529032601600214,1.0,0.9712157783201332
0.00035629032601600216,1.0,0.9715021884861021
0.0003572903260160022,1.0,0.9717857487996733
0.0003582903260160022,1.0,0.9720664876175871
0.00035929032601600224,1.0,0.972344433014427
0.00036029032601600226,1.0,0.9726196127854279
0.0003612903260160023,1.0,0.9728920544492545
0.0003622903260160023,1.0,0.9731617852507547
0.00036329032601600233,1.0,0.9734288321636828
0.00036429032601600236,1.0,0.9736932218933977
0.0003652903260160024,1.0,0.9739549808795332
0.0003662903260160024,1.0,0.9742141352986425
0.00036729032601600243,1.0,0.9744707110668154
0.00036829032601600246,1.0,0.97472473384227
0.0003692903260160025,1.0,0.9749762290279191
0.0003702903260160025,1.0,0.9752252217739099
0.00037129032601600253,1.0,0.9754717369801398
0.00037229032601600255,1.0,0.9757157992987455
0.0003732903260160026,1.0,0.975957433136569
0.0003742903260160026,1.0,0.9761966626575982
0.0003752903260160026,1.0,0.9764335117853835
0.00037629032601600265,1.0,0.9766680042054295
0.0003772903260160027,1.0,0.9769001633675646
0.0003782903260160027,1.0,0.9771300124882852
0.0003792903260160027,1.0,0.9773575745530784
0.00038029032601600275,1.0,0.9775828723187194
0.00038129032601600277,1.0,0.9778059283155481
0.0003822903260160028,1.0,0.978026764849722
0.0003832903260160028,1.0,0.9782454040054462
0.00038429032601600284,1.0,0.9784618676471833
0.00038529032601600287,1.0,0.9786761774218384
0.0003862903260160029,1.0,0.9788883547609247
0.0003872903260160029,1.0,0.9790984208827066
0.00038829032601600294,1.0,0.9793063967943216
0.00038929032601600297,1.0,0.9795123032938808
0.000390290326016003,1.0,0.9797161609725489
0.000391290326016003,1.0,0.9799179902166034
0.00039229032601600304,1.0,0.980117811209473
0.00039329032601600306,1.0,0.980315643933757
0.0003942903260160031,1.0,0.9805115081732223
0.0003952903260160031,1.0,0.9807054235147824
0.00039629032601600314,1.0,0.9808974093504562
0.00039729032601600316,1.0,0.9810874848793075
0.0003982903260160032,1.0,0.9812756691093643
0.0003992903260160032,1.0,0.9814619808595201
0.00040029032601600323,1.0,0.9816464387614157
0.00040129032601600326,1.0,0.9818290612613022
0.0004022903260160033,1.0,0.9820098666218863
0.0004032903260160033,1.0,0.9821888729241562
0.00040429032601600333,1.0,0.9823660980691895
0.00040529032601600336,1.0,0.9825415597799437
0.0004062903260160034,1.0,0.982715275603029
0.0004072903260160034,1.0,0.9828872629104617
0.00040829032601600343,1.0,0.9830575389014024
0.00040929032601600345,1.0,0.9832261206038759
0.0004102903260160035,1.0,0.9833930248764744
0.0004112903260160035,1.0,0.9835582684100418
0.0004122903260160035,1.0,0.9837218677293449
0.00041329032601600355,1.0,0.9838838391947246
0.0004142903260160036,1.0,0.9840441990037324
0.0004152903260160036,1.0,0.98420296319275
0.0004162903260160036,1.0,0.9843601476385933
0.00041729032601600365,1.0,0.9845157680600999
0.00041829032601600367,1.0,0.9846698400197011
0.0004192903260160037,1.0,0.9848223789249777
0.0004202903260160037,1.0,0.9849734000302018
0.00042129032601600374,1.0,0.9851229184378616
0.00042229032601600377,1.0,0.9852709491001713
0.0004232903260160038,1.0,0.9854175068205677
0.0004242903260160038,1.0,0.9855626062551891
0.00042529032601600384,1.0,0.9857062619143417
0.00042629032601600387,1.0,0.9858484881639505
0.0004272903260160039,1.0,0.985989299226996
0.0004282903260160039,1.0,0.9861287091849366
0.00042929032601600394,1.0,0.9862667319791164
0.00043029032601600396,1.0,0.98640338141216
0.000431290326016004,1.0,0.9865386711493525
0.000432290326016004,1.0,0.9866726147200056
0.00043329032601600404,1.0,0.9868052255188113
0.00043429032601600406,1.0,0.9869365168071814
0.0004352903260160041,1.0,0.9870665017145727
0.0004362903260160041,1.0,0.9871951932398009
0.00043729032601600413,1.0,0.9873226042523403
0.00043829032601600416,1.0,0.9874487474936104
0.0004392903260160042,1.0,0.9875736355782513
0.0004402903260160042,1.0,0.9876972809953832
0.00044129032601600423,1.0,0.9878196961098572
0.00044229032601600425,1.0,0.9879408931634908
0.0004432903260160043,1.0,0.988060884276292
0.0004442903260160043,1.0,0.9881796814476724
0.00044529032601600433,1.0,0.9882972965576461
0.00044629032601600435,1.0,0.9884137413680179
0.0004472903260160044,1.0,0.98852902752356
0.0004482903260160044,1.0,0.9886431665531763
0.0004492903260160044,1.0,0.9887561698710552
0.00045029032601600445,1.0,0.9888680487778111
0.0004512903260160045,1.0,0.9889788144616143
0.0004522903260160045,1.0,0.9890884779993095
0.0004532903260160045,1.0,0.9891970503575253
0.00045429032601600455,1.0,0.9893045423937689
0.00045529032601600457,1.0,0.9894109648575126
0.0004562903260160046,1.0,0.9895163283912689
0.0004572903260160046,1.0,0.9896206435316544
0.00045829032601600464,1.0,0.989723920710444
0.00045929032601600467,1.0,0.9898261702556139
0.0004602903260160047,1.0,0.989927402392374
0.0004612903260160047,1.0,0.9900276272441911
0.00046229032601600474,1.0,0.9901268548338011
0.00046329032601600476,1.0,0.9902250950842114
0.0004642903260160048,1.0,0.9903223578196922
0.0004652903260160048,1.0,0.9904186527667601
0.00046629032601600484,1.0,0.9905139895551504
0.00046729032601600486,1.0,0.9906083777187806
0.0004682903260160049,1.0,0.9907018266967033
0.0004692903260160049,1.0,0.9907943458340495
0.00047029032601600494,1.0,0.9908859443829645
0.00047129032601600496,1.0,0.9909766315035322
0.000472290326016005,1.0,0.991066416264691
0.000473290326016005,1.0,0.9911553076451418
0.00047429032601600503,1.0,0.9912433145342451
0.00047529032601600506,1.0,0.9913304457329096
0.0004762903260160051,1.0,0.9914167099544728
0.0004772903260160051,1.0,0.9915021158255727
0.00047829032601600513,1.0,0.99158667188701
0.00047929032601600515,1.0,0.991670386594602
0.0004802903260160052,1.0,0.9917532683200289
0.0004812903260160052,1.0,0.9918353253516704
0.0004822903260160052,1.0,0.9919165658954351
0.00048329032601600525,1.0,0.9919969980755802
0.0004842903260160053,1.0,0.9920766299355249
0.0004852903260160053,1.0,0.9921554694386541
0.0004862903260160053,1.0,0.9922335244691151
0.00048729032601600535,1.0,0.9923108028326065
0.0004882903260160054,1.0,0.9923873122571578
0.0004892903260160054,1.0,0.9924630603939026
0.0004902903260160054,1.0,0.9925380548178441
0.0004912903260160054,1.0,0.9926123030286119
0.0004922903260160055,1.0,0.992685812451213
0.0004932903260160055,1.0,0.9927585904367731
0.0004942903260160055,1.0,0.9928306442632729
0.0004952903260160055,1.0,0.9929019811362751
0.0004962903260160056,1.0,0.9929726081896456
0.0004972903260160056,1.0,0.9930425324862662
0.0004982903260160056,1.0,0.9931117610187411
0.0004992903260160056,1.0,0.993180300710097
0.0005002903260160057,1.0,0.993248158414474
0.000501,1.0,0.9932959050549043
0.0005011,0.9000000000000518,0.9932027023525519
0.0005013,0.7000000000000469,0.9928166829672325
0.0005017,0.3000000000000371,0.9908493508994991
0.0005020000000000001,0.0,0.9883305810016468
0.00050208,0.0,0.9875405485627967
0.00050224,0.0,0.9859617467265654
0.0005025600000000001,0.0,0.9828117091970877
0.0005032000000000001,0.0,0.9765417780379358
0.0005042000000000001,0.0,0.9668249444256183
0.0005052000000000001,0.0,0.9572047957248659
0.0005062000000000002,0.0,0.9476803698967579
0.0005072000000000002,0.0,0.9382507144748998
0.0005082000000000002,0.0,0.9289148864701746
0.0005092000000000002,0.0,0.9196719522764417
0.0005102000000000003,0.0,0.9105209875771737
0.0005112000000000003,0.0,0.9014610772530229
0.0005122000000000003,0.0,0.8924913152903065
0.0005132000000000003,0.0,0.8836108046904031
0.0005142000000000004,0.0,0.8748186573800508
0.0005152000000000004,0.0,0.866113994122538
0.0005162000000000004,0.0,0.8574959444297764
0.0005172000000000004,0.0,0.8489636464752511
0.0005182000000000005,0.0,0.8405162470078359
0.0005192000000000005,0.0,0.8321529012664642
0.0005202000000000005,0.0,0.8238727728956536
0.0005212000000000005,0.0,0.815675033861866
0.0005222000000000006,0.0,0.8075588643707031
0.0005232000000000006,0.0,0.7995234527849249
0.0005242000000000006,0.0,0.7915679955432839
0.0005252000000000006,0.0,0.7836916970801667
0.0005262000000000006,0.0,0.7758937697460357
0.0005272000000000007,0.0,0.7681734337286622
0.0005282000000000007,0.0,0.760529916975143
0.0005292000000000007,0.0,0.7529624551146938
0.0005302000000000007,0.0,0.7454702913822094
0.0005312000000000008,0.0,0.7380526765425854
0.0005322000000000008,0.0,0.7307088688157936
0.0005332000000000008,0.0,0.7234381338027012
0.0005342000000000008,0.0,0.7162397444116296
0.0005352000000000009,0.0,0.7091129807856433
0.0005362000000000009,0.0,0.7020571302305624
0.0005372000000000009,0.0,0.6950714871436909
0.0005382000000000009,0.0,0.6881553529432564
0.000539200000000001,0.0,0.6813080359985476
0.000540200000000001,0.0,0.6745288515607514
0.000541200000000001,0.0,0.6678171216944754
0.000542200000000001,0.0,0.6611721752099532
0.0005432000000000011,0.0,0.6545933475959238
0.0005442000000000011,0.0,0.6480799809531782
0.0005452000000000011,0.0,0.6416314239287685
0.0005462000000000011,0.0,0.6352470316508703
0.0005472000000000012,0.0,0.6289261656642946
0.0005482000000000012,0.0,0.62266819386664
0.0005492000000000012,0.0,0.6164724904450812
0.0005502000000000012,0.0,0.6103384358137871
0.0005512000000000013,0.0,0.6042654165519584
0.0005522000000000013,0.0,0.5982528253424862
0.0005532000000000013,0.0,0.5923000609112178
0.0005542000000000013,0.0,0.5864065279668277
0.0005552000000000014,0.0,0.5805716371412872
0.0005562000000000014,0.0,0.5747948049309263
0.0005572000000000014,0.0,0.5690754536380812
0.0005582000000000014,0.0,0.5634130113133241
0.0005592000000000014,0.0,0.5578069116982661
0.0005602000000000015,0.0,0.5522565941689302
0.0005612000000000015,0.0,0.5467615036796872
0.0005622000000000015,0.0,0.5413210907077501
0.0005632000000000015,0.0,0.5359348111982204
0.0005642000000000016,0.0,0.530602126509681
0.0005652000000000016,0.0,0.525322503360331
0.0005662000000000016,0.0,0.5200954137746562
0.0005672000000000016,0.0,0.5149203350306298
0.0005682000000000017,0.0,0.5097967496074395
0.0005692000000000017,0.0,0.5047241451337335
0.0005702000000000017,0.0,0.49970201433638295
0.0005712000000000017,0.0,0.49472985498975225
0.0005722000000000018,0.0,0.4898071698654762
0.0005732000000000018,0.0,0.4849334666827351
0.0005742000000000018,0.0,0.4801082580590264
0.0005752000000000018,0.0,0.47533106146142423
0.0005762000000000019,0.0,0.4706013991583255
0.0005772000000000019,0.0,0.4659187981716756
0.0005782000000000019,0.0,0.46128279022966884
0.0005792000000000019,0.0,0.4566929117199209
0.000580200000000002,0.0,0.4521487036431057
0.000581200000000002,0.0,0.4476497115670549
0.000582200000000002,0.0,0.4431954855813131
0.000583200000000002,0.0,0.4387855802521458
0.0005842000000000021,0.0,0.4344195545779951
0.0005852000000000021,0.0,0.4300969719453782
0.0005862000000000021,0.0,0.4258174000852252
0.0005872000000000021,0.0,0.4215804110296508
0.0005882000000000022,0.0,0.4173855810691569
0.0005892000000000022,0.0,0.4132324907102598
0.0005902000000000022,0.0,0.40912072463354077
0.0005912000000000022,0.0,0.4050498716521124
0.0005922000000000023,0.0,0.4010195246704993
0.0005932000000000023,0.0,0.3970292806439271
0.0005942000000000023,0.0,0.39307874053801733
0.0005952000000000023,0.0,0.3891675092888828
0.0005962000000000023,0.0,0.3852951957636203
0.0005972000000000024,0.0,0.3814614127211963
0.0005982000000000024,0.0,0.37766577677372165
0.0005992000000000024,0.0,0.3739079083481125
0.0006002000000000024,0.0,0.3701874316481313
0.0006012000000000025,0.0,0.3665039746168066
0.0006022000000000025,0.0,0.36285716889922653
0.0006032000000000025,0.0,0.359246649805702
0.0006042000000000025,0.0,0.355672056275297
0.0006052000000000026,0.0,0.3521330308397219
0.0006062000000000026,0.0,0.34862921958758547
0.0006072000000000026,0.0,0.3451602721290025
0.0006082000000000026,0.0,0.3417258415605548
0.0006092000000000027,0.0,0.3383255844305991
0.0006102000000000027,0.0,0.33495916070492154
0.0006112000000000027,0.0,0.3316262337327332
0.0006122000000000027,0.0,0.32832647021300454
0.0006132000000000028,0.0,0.3250595401611339
0.0006142000000000028,0.0,0.32182511687594856
0.0006152000000000028,0.0,0.3186228769070337
0.0006162000000000028,0.0,0.31545250002238656
0.0006172000000000029,0.0,0.3123136691763927
0.0006182000000000029,0.0,0.3092060704781201
0.0006192000000000029,0.0,0.3061293931599298
0.0006202000000000029,0.0,0.3030833295463982
0.000621200000000003,0.0,0.3000675750235485
0.000622200000000003,0.0,0.29708182800838884
0.000623200000000003,0.0,0.29412578991875316
0.000624200000000003,0.0,0.2911991651434422
0.000625200000000003,0.0,0.2883016610126617
0.0006262000000000031,0.0,0.2854329877687546
0.0006272000000000031,0.0,0.2825928585372247
0.0006282000000000031,0.0,0.2797809892980484
0.0006292000000000032,0.0,0.2769970988572718
0.0006302000000000032,0.0,0.274240908818891
0.0006312000000000032,0.0,0.2715121435570116
0.0006322000000000032,0.0,0.2688105301882852
0.0006332000000000032,0.0,0.26613579854462077
0.0006342000000000033,0.0,0.26348768114616683
0.0006352000000000033,0.0,0.2608659131745632
0.0006362000000000033,0.0,0.2582702324464581
0.0006372000000000033,0.0,0.25570037938728934
0.0006382000000000034,0.0,0.2531560970053263
0.0006392000000000034,0.0,0.2506371308659699
0.0006402000000000034,0.0,0.24814322906630856
0.0006412000000000034,0.0,0.2456741422099274
0.0006422000000000035,0.0,0.24322962338196796
0.0006432000000000035,0.0,0.24080942812443593
0.0006442000000000035,0.0,0.238413314411755
0.0006452000000000035,0.0,0.23604104262656342
0.0006462000000000036,0.0,0.23369237553575187
0.0006472000000000036,0.0,0.2313670782667394
0.0006482000000000036,0.0,0.2290649182839858
0.0006492000000000036,0.0,0.22678566536573722
0.0006502000000000037,0.0,0.22452909158100354
0.0006512000000000037,0.0,0.22229497126676476
0.0006522000000000037,0.0,0.22008308100540389
0.0006532000000000037,0.0,0.21789319960236506
0.0006542000000000038,0.0,0.2157251080640331
0.0006552000000000038,0.0,0.21357858957583387
0.0006562000000000038,0.0,0.21145342948055199
0.0006572000000000038,0.0,0.20934941525686493
0.0006582000000000039,0.0,0.20726633649809015
0.0006592000000000039,0.0,0.20520398489114397
0.0006602000000000039,0.0,0.20316215419570974
0.0006612000000000039,0.0,0.20114064022361314
0.000662200000000004,0.0,0.1991392408184031
0.000663200000000004,0.0,0.19715775583513542
0.000664200000000004,0.0,0.19519598712035796
0.000665200000000004,0.0,0.19325373849229469
0.000666200000000004,0.0,0.1913308157212271
0.0006672000000000041,0.0,0.18942702651007065
0.0006682000000000041,0.0,0.1875421804751446
0.0006692000000000041,0.0,0.1856760891271332
0.0006702000000000041,0.0,0.1838285658522364
0.0006712000000000042,0.0,0.18199942589350776
0.0006722000000000042,0.0,0.18018848633237838
0.0006732000000000042,0.0,0.17839556607036466
0.0006742000000000042,0.0,0.17662048581095807
0.0006752000000000043,0.0,0.17486306804169482
0.0006762000000000043,0.0,0.1731231370164043
0.0006772000000000043,0.0,0.17140051873763415
0.0006782000000000043,0.0,0.16969504093924975
0.0006792000000000044,0.0,0.16800653306920751
0.0006802000000000044,0.0,0.16633482627249901
0.0006812000000000044,0.0,0.1646797533742652
0.0006822000000000044,0.0,0.1630411488630785
0.0006832000000000045,0.0,0.16141884887439115
0.0006842000000000045,0.0,0.15981269117414845
0.0006852000000000045,0.0,0.15822251514256488
0.0006862000000000045,0.0,0.15664816175806173
0.0006872000000000046,0.0,0.15508947358136463
0.0006882000000000046,0.0,0.153546294739759
0.0006892000000000046,0.0,0.1520184709115027
0.0006902000000000046,0.0,0.1505058493103932
0.0006912000000000047,0.0,0.1490082786704888
0.0006922000000000047,0.0,0.14752560923098146
0.0006932000000000047,0.0,0.1460576927212205
0.0006942000000000047,0.0,0.14460438234588496
0.0006952000000000048,0.0,0.143165532770304
0.0006962000000000048,0.0,0.14174100010592286
0.0006972000000000048,0.0,0.14033064189591368
0.0006982000000000048,0.0,0.1389343171009295
0.0006992000000000049,0.0,0.13755188608499985
0.0007002000000000049,0.0,0.13618321060156702
0.0007012000000000049,0.0,0.1348281537796609
0.0007022000000000049,0.0,0.13348658011021156
0.000703200000000005,0.0,0.13215835543249804
0.000704200000000005,0.0,0.13084334692073188
0.000705200000000005,0.0,0.12954142307077435
0.000706200000000005,0.0,0.12825245368698554
0.000707200000000005,0.0,0.12697630986920458
0.0007082000000000051,0.0,0.12571286399985923
0.0007092000000000051,0.0,0.12446198973120391
0.0007102000000000051,0.0,0.12322356197268448
0.0007112000000000051,0.0,0.12199745687842893
0.0007122000000000052,0.0,0.12078355183486247
0.0007132000000000052,0.0,0.11958172544844595
0.0007142000000000052,0.0,0.11839185753353601
0.0007152000000000052,0.0,0.11721382910036648
0.0007162000000000053,0.0,0.11604752234314891
0.0007172000000000053,0.0,0.1148928206282917
0.0007182000000000053,0.0,0.11374960848273659
0.0007192000000000053,0.0,0.11261777158241087
0.0007202000000000054,0.0,0.11149719674079488
0.0007212000000000054,0.0,0.1103877718976029
0.0007222000000000054,0.0,0.10928938610757702
0.0007232000000000054,0.0,0.10820192952939216
0.0007242000000000055,0.0,0.10712529341467186
0.0007252000000000055,0.0,0.10605937009711297
0.0007262000000000055,0.0,0.10500405298171883
0.0007272000000000055,0.0,0.10395923653413956
0.0007282000000000056,0.0,0.10292481627011826
0.0007292000000000056,0.0,0.10190068874504248
0.0007302000000000056,0.0,0.10088675154359927
0.0007312000000000056,0.0,0.09988290326953363
0.0007322000000000057,0.0,0.09888904353550844
0.0007332000000000057,0.0,0.09790507295306558
0.0007342000000000057,0.0,0.09693089312268682
0.0007352000000000057,0.0,0.09596640662395363
0.0007362000000000058,0.0,0.09501151700580485
0.0007372000000000058,0.0,0.09406612877689138
0.0007382000000000058,0.0,0.09313014739602679
0.0007392000000000058,0.0,0.09220347926273297
0.0007402000000000058,0.0,0.09128603170787988
0.0007412000000000059,0.0,0.0903777129844184
0.0007422000000000059,0.0,0.0894784322582053
0.0007432000000000059,0.0,0.0885880995989197
0.000744200000000006,0.0,0.08770662597106975
0.000745200000000006,0.0,0.08683392322508898
0.000746200000000006,0.0,0.08596990408852094
0.000747200000000006,0.0,0.08511448215729189
0.000748200000000006,0.0,0.08426757188707007
0.0007492000000000061,0.0,0.08342908858471117
0.0007502000000000061,0.0,0.0825989483997887
0.0007512000000000061,0.0,0.08177706831620872
0.0007522000000000061,0.0,0.08096336614390813
0.0007532000000000062,0.0,0.08015776051063543
0.0007542000000000062,0.0,0.0793601708538132
0.0007552000000000062,0.0,0.07857051741248172
0.0007562000000000062,0.0,0.07778872121932272
0.0007572000000000063,0.0,0.07701470409276229
0.0007582000000000063,0.0,0.07624838862915272
0.0007592000000000063,0.0,0.0754896981950318
0.0007602000000000063,0.0,0.07473855691945937
0.0007612000000000064,0.0,0.07399488968642992
0.0007622000000000064,0.0,0.07325862212736098
0.0007632000000000064,0.0,0.0725296806136559
0.0007642000000000064,0.0,0.07180799224934092
0.0007652000000000065,0.0,0.07109348486377536
0.0007662000000000065,0.0,0.07038608700443431
0.0007672000000000065,0.0,0.06968572792976334
0.0007682000000000065,0.0,0.06899233760210403
0.0007692000000000066,0.0,0.06830584668069009
0.0007702000000000066,0.0,0.06762618651471308
0.0007712000000000066,0.0,0.06695328913645723
0.0007722000000000066,0.0,0.06628708725450246
0.0007732000000000067,0.0,0.06562751424699498
0.0007742000000000067,0.0,0.06497450415498507
0.0007752000000000067,0.0,0.06432799167583099
0.0007762000000000067,0.0,0.0636879121566685
0.0007772000000000067,0.0,0.06305420158794543
0.0007782000000000068,0.0,0.062426796597020606
0.0007792000000000068,0.0,0.06180563444182638
0.0007802000000000068,0.0,0.06119065300459429
0.0007812000000000068,0.0,0.06058179078564311
0.0007822000000000069,0.0,0.059978986897228755
0.0007832000000000069,0.0,0.05938218105745534
0.0007842000000000069,0.0,0.058791313584246836
0.0007852000000000069,0.0,0.05820632538937872
0.000786200000000007,0.0,0.05762715797256899
0.000787200000000007,0.0,0.057053753415627996
0.000788200000000007,0.0,0.056486054376666525
0.000789200000000007,0.0,0.0559240040843614
0.0007902000000000071,0.0,0.055367546332278215
0.0007912000000000071,0.0,0.05481662547325058
0.0007922000000000071,0.0,0.05427118641381525
0.0007932000000000071,0.0,0.05373117460870267
0.0007942000000000072,0.0,0.05319653605538226
0.0007952000000000072,0.0,0.052667217288662034
0.0007962000000000072,0.0,0.05214316537534201
0.0007972000000000072,0.0,0.0516243279089207
0.0007982000000000073,0.0,0.05111065300435433
0.0007992000000000073,0.0,0.05060208929286821
0.0008002000000000073,0.0,0.050098585916819774
0.0008012000000000073,0.0,0.049600092524612616
0.0008022000000000074,0.0,0.04910655926566126
0.0008032000000000074,0.0,0.048617936785405935
0.0008042000000000074,0.0,0.04813417622037702
0.0008052000000000074,0.0,0.04765522919330859
0.0008062000000000075,0.0,0.047181047808300555
0.0008072000000000075,0.0,0.046711584646028904
0.0008082000000000075,0.0,0.04624679275900374
0.0008092000000000075,0.0,0.045786625666874345
0.0008102000000000076,0.0,0.04533103735178106
0.0008112000000000076,0.0,0.04487998225375338
0.0008122000000000076,0.0,0.04443341526615384
0.0008132000000000076,0.0,0.043991291731167226
0.0008142000000000076,0.0,0.04355356743533473
0.0008152000000000077,0.0,0.04312019860513241
0.0008162000000000077,0.0,0.04269114190259377
0.0008172000000000077,0.0,0.04226635442097592
0.0008182000000000077,0.0,0.04184579368046871
0.0008192000000000078,0.0,0.04142941762394664
0.0008202000000000078,0.0,0.041017184612763095
0.0008212000000000078,0.0,0.04060905342258636
0.0008222000000000078,0.0,0.04020498323927706
0.0008232000000000079,0.0,0.03980493365480665
0.0008242000000000079,0.0,0.03940886466321653
0.0008252000000000079,0.0,0.03901673665661736
0.0008262000000000079,0.0,0.038628510421228134
0.000827200000000008,0.0,0.03824414713345471
0.000828200000000008,0.0,0.037863608356007404
0.000829200000000008,0.0,0.037486856034057076
0.000830200000000008,0.0,0.03711385249142965
0.0008312000000000081,0.0,0.03674456042683831
0.0008322000000000081,0.0,0.03637894291015335
0.0008332000000000081,0.0,0.03601696337870905
0.0008342000000000081,0.0,0.03565858563364727
0.0008352000000000082,0.0,0.035303773836297556
0.0008362000000000082,0.0,0.0349524925045931
0.0008372000000000082,0.0,0.03460470650952251
0.0008382000000000082,0.0,0.034260381071616816
0.0008392000000000083,0.0,0.03391948175747138
0.0008402000000000083,0.0,0.033581974476302505
0.0008412000000000083,0.0,0.033247825476538304
0.0008422000000000083,0.0,0.0329170013424434
0.0008432000000000084,0.0,0.0325894689907773
0.0008442000000000084,0.0,0.03226519566748599
0.0008452000000000084,0.0,0.031944148944426425
0.0008462000000000084,0.0,0.03162629671612367
0.0008472000000000084,0.0,0.03131160719656025
0.0008482000000000085,0.0,0.031000048915997468
0.0008492000000000085,0.0,0.030691590717828343
0.0008502000000000085,0.0,0.030386201755461893
0.0008512000000000085,0.0,0.03008385148923839
0.0008522000000000086,0.0,0.029784509683375333
0.0008532000000000086,0.0,0.02948814640294374
0.0008542000000000086,0.0,0.029194732010874656
0.0008552000000000086,0.0,0.028904237164995312
0.0008562000000000087,0.0,0.028616632815094856
0.0008572000000000087,0.0,0.02833189020001928
0.0008582000000000087,0.0,0.028049980844795215
0.0008592000000000087,0.0,0.027770876557782327
0.0008602000000000088,0.0,0.027494549427854148
0.0008612000000000088,0.0,0.027220971821606852
0.0008622000000000088,0.0,0.02695011638059584
0.0008632000000000088,0.0,0.02668195601859986
0.0008642000000000089,0.0,0.02641646391891231
0.0008652000000000089,0.0,0.026153613531659455
0.0008662000000000089,0.0,0.02589337857114543
0.0008672000000000089,0.0,0.02563573301322359
0.000868200000000009,0.0,0.025380651092694006
0.000869200000000009,0.0,0.025128107300726905
0.000870200000000009,0.0,0.024878076382311716
0.000871200000000009,0.0,0.024630533333731507
0.0008722000000000091,0.0,0.024385453400062537
0.0008732000000000091,0.0,0.02414281207269873
0.0008742000000000091,0.0,0.023902585086900737
0.0008752000000000091,0.0,0.023664748419369393
0.0008762000000000092,0.0,0.023429278285843333
0.0008772000000000092,0.0,0.02319615113872052
0.0008782000000000092,0.0,0.022965343664703396
0.0008792000000000092,0.0,0.022736832782467544
0.0008802000000000093,0.0,0.022510595640353445
0.0008812000000000093,0.0,0.022286609614081274
0.0008822000000000093,0.0,0.022064852304488434
0.0008832000000000093,0.0,0.02184530153528955
0.0008842000000000093,0.0,0.021627935350858808
0.0008852000000000094,0.0,0.02141273201403434
0.0008862000000000094,0.0,0.02119967000394445
0.0008872000000000094,0.0,0.020988728013855453
0.0008882000000000094,0.0,0.020779884949040976
0.0008892000000000095,0.0,0.020573119924672412
0.0008902000000000095,0.0,0.0203684122637304
0.0008912000000000095,0.0,0.02016574149493707
0.0008922000000000095,0.0,0.019965087350708847
0.0008932000000000096,0.0,0.019766429765129656
0.0008942000000000096,0.0,0.01956974887194429
0.0008952000000000096,0.0,0.01937502500257171
0.0008962000000000096,0.0,0.019182238684138157
0.0008972000000000097,0.0,0.018991370637529818
0.0008982000000000097,0.0,0.018802401775464845
0.0008992000000000097,0.0,0.018615313200584595
0.0009002000000000097,0.0,0.018430086203563855
0.0009012000000000098,0.0,0.018246702261239842
0.0009022000000000098,0.0,0.018065143034759847
0.0009032000000000098,0.0,0.017885390367747313
0.0009042000000000098,0.0,0.017707426284486148
0.0009052000000000099,0.0,0.0175312329881231
0.0009062000000000099,0.0,0.017356792858888047
0.0009072000000000099,0.0,0.01718408845233195
0.0009082000000000099,0.0,0.01701310249758238
0.00090920000000001,0.0,0.01684381789561639
0.00091020000000001,0.0,0.016676217717550557
0.00091120000000001,0.0,0.016510285202948064
0.00091220000000001,0.0,0.016346003758142612
0.00091320000000001,0.0,0.016183356954579006
0.0009142000000000101,0.0,0.01602232852717026
0.0009152000000000101,0.0,0.01586290237267106
0.0009162000000000101,0.0,0.01570506254806737
0.0009172000000000102,0.0,0.015548793268982126
0.0009182000000000102,0.0,0.015394078908096734
0.0009192000000000102,0.0,0.01524090399358831
0.0009202000000000102,0.0,0.015089253207582459
0.0009212000000000102,0.0,0.01493911138462144
0.0009222000000000103,0.0,0.014790463510147598
0.0009232000000000103,0.0,0.01464329471900185
0.0009242000000000103,0.0,0.014497590293937155
0.0009252000000000103,0.0,0.014353335664146738
0.0009262000000000104,0.0,0.014210516403806972
0.0009272000000000104,0.0,0.014069118230634763
0.0009282000000000104,0.0,0.013929127004459295
0.0009292000000000104,0.0,0.013790528725807962
0.0009302000000000105,0.0,0.013653309534506393
0.0009312000000000105,0.0,0.013517455708292403
0.0009322000000000105,0.0,0.013382953661443724
0.0009332000000000105,0.0,0.013249789943419406
0.0009342000000000106,0.0,0.013117951237514736
0.0009352000000000106,0.0,0.012987424359529513
0.0009362000000000106,0.0,0.012858196256449614
0.0009372000000000106,0.0,0.012730254005141658
0.0009382000000000107,0.0,0.012603584811060647
0.0009392000000000107,0.0,0.01247817600697049
0.0009402000000000107,0.0,0.012354015051677252
0.0009412000000000107,0.0,0.012231089528774995
0.0009422000000000108,0.0,0.0121093871454041
0.0009432000000000108,0.0,0.01198889573102197
0.0009442000000000108,0.0,0.01186960323618593
0.0009452000000000108,0.0,0.011751497731348261
0.0009462000000000109,0.0,0.011634567405663205
0.0009472000000000109,0.0,0.011518800565805863
0.0009482000000000109,0.0,0.01140418563480282
0.0009492000000000109,0.0,0.011290711150874435
0.000950200000000011,0.0,0.01117836576628862
0.000951200000000011,0.0,0.01106713824622605
0.000952200000000011,0.0,0.010957017467656639
0.000953200000000011,0.0,0.010847992418227221
0.000954200000000011,0.0,0.010740052195160284
0.0009552000000000111,0.0,0.010633186004163665
0.0009562000000000111,0.0,0.010527383158351094
0.0009572000000000111,0.0,0.010422633077173475
0.0009582000000000111,0.0,0.010318925285360808
0.0009592000000000112,0.0,0.010216249411874635
0.0009602000000000112,0.0,0.010114595188870907
0.0009612000000000112,0.0,0.010013952450673184
0.0009622000000000112,0.0,0.009914311132756039
0.0009632000000000113,0.0,0.00981566127073857
0.0009642000000000113,0.0,0.009717992999387939
0.0009652000000000113,0.0,0.009621296551632838
0.0009662000000000113,0.0,0.00952556225758674
0.0009672000000000114,0.0,0.0094307805435809
0.0009682000000000114,0.0,0.009336941931206962
0.0009692000000000114,0.0,0.009244037036369083
0.0009702000000000114,0.0,0.00915205656834551
0.0009712000000000115,0.0,0.009060991328859484
0.0009722000000000115,0.0,0.00897083221115939
0.0009732000000000115,0.0,0.008881570199108053
0.0009742000000000115,0.0,0.008793196366281108
0.0009752000000000116,0.0,0.008705701875074332
0.0009762000000000116,0.0,0.008619077975819862
0.0009772000000000116,0.0,0.008533316005911208
0.0009782000000000115,0.0,0.00844840738893697
0.0009792000000000114,0.0,0.008364343633823167
0.0009802000000000114,0.0,0.00828111633398413
0.0009812000000000113,0.0,0.008198717166481802
0.0009822000000000112,0.0,0.008117137891193426
0.000983200000000011,0.0,0.008036370349987523
0.000984200000000011,0.0,0.007956406465908046
0.000985200000000011,0.0,0.007877238242366672
0.0009862000000000109,0.0,0.007798857762343123
0.0009872000000000108,0.0,0.007721257187593441
0.0009882000000000107,0.0,0.007644428757866145
0.0009892000000000106,0.0,0.007568364790126183
0.0009902000000000105,0.0,0.0074930576777866185
0.0009912000000000104,0.0,0.007418499889947947
0.0009922000000000103,0.0,0.007344683970644983
0.0009932000000000103,0.0,0.007271602538101253
0.0009942000000000102,0.0,0.007199248283990794
0.00099520000000001,0.0,0.007127613972707303
0.00099620000000001,0.0,0.007056692440640564
0.00099720000000001,0.0,0.006986476595460061
0.0009982000000000098,0.0,0.006916959415405732
0.0009992000000000098,0.0,0.006848133948585775
0.001,0.0,0.0067935671442152365
0.0010001,0.10000000000005664,0.006886680463751535
0.0010003,0.2999999999999531,0.007272521262025737
0.0010007,0.6999999999999629,0.009239497225051251
0.001001,0.999999999999916,0.011758000977746477
0.00100108,1.0,0.01254796260766028
0.0010012399999999998,1.0,0.014126622939222648
0.0010015599999999999,1.0,0.017276378137499635
0.0010021999999999997,1.0,0.023545747335983958
0.0010031999999999997,1.0,0.033261710049058736
0.0010041999999999996,1.0,0.042880996516232284
0.0010051999999999995,1.0,0.052404568690200125
0.0010061999999999994,1.0,0.06183337895198919
0.0010071999999999993,1.0,0.07116837020619828
0.0010081999999999992,1.0,0.08041047597529084
0.0010091999999999992,1.0,0.08956062049294963
0.001010199999999999,1.0,0.09861971879650237
0.001011199999999999,1.0,0.10758867681842774
0.001012199999999999,1.0,0.11646839147695087
0.0010131999999999988,1.0,0.12525975076573748
0.0010141999999999987,1.0,0.13396363384269533
0.0010151999999999987,1.0,0.14258091111789242
0.0010161999999999986,1.0,0.1511124443406
0.0010171999999999985,1.0,0.15955908668546967
0.0010181999999999984,1.0,0.16792168283785308
0.0010191999999999983,1.0,0.1762010690782725
0.0010201999999999982,1.0,0.1843980733660509
0.0010211999999999982,1.0,0.19251351542211012
0.001022199999999998,1.0,0.2005482068109449
0.001023199999999998,1.0,0.20850295102178135
0.001024199999999998,1.0,0.21637854354892783
0.0010251999999999978,1.0,0.22417577197132654
0.0010261999999999977,1.0,0.23189541603131342
0.0010271999999999976,1.0,0.23953824771259388
0.0010281999999999976,1.0,0.24710503131744366
0.0010291999999999975,1.0,0.2545965235431407
0.0010301999999999974,1.0,0.2620134735576368
0.0010311999999999973,1.0,0.2693566230744763
0.0010321999999999972,1.0,0.27662670642696907
0.0010331999999999971,1.0,0.28382445064162604
0.001034199999999997,1.0,0.29095057551086356
0.001035199999999997,1.0,0.2980057936649843
0.0010361999999999969,1.0,0.3049908106434422
0.0010371999999999968,1.0,0.31190632496539805
0.0010381999999999967,1.0,0.3187530281995733
0.0010391999999999966,1.0,0.3255316050334085
0.0010401999999999966,1.0,0.33224273334153387
0.0010411999999999965,1.0,0.3388870842535584
0.0010421999999999964,1.0,0.3454653222211847
0.0010431999999999963,1.0,0.35197810508465555
0.0010441999999999962,1.0,0.35842608413853966
0.0010451999999999961,1.0,0.3648099041968627
0.001046199999999996,1.0,0.3711302036575905
0.001047199999999996,1.0,0.37738761456647024
0.0010481999999999959,1.0,0.3835827626802367
0.0010491999999999958,1.0,0.3897162675291897
0.0010501999999999957,1.0,0.39578874247914814
0.0010511999999999956,1.0,0.4018007947927885
0.0010521999999999955,1.0,0.4077530256903728
0.0010531999999999955,1.0,0.4136460304098717
0.0010541999999999954,1.0,0.41948039826649
0.0010551999999999953,1.0,0.42525671271159965
0.0010561999999999952,1.0,0.4309755513910862
0.0010571999999999951,1.0,0.43663748620311515
0.001058199999999995,1.0,0.44224308335532303
0.001059199999999995,1.0,0.4477929034214393
0.0010601999999999949,1.0,0.45328750139734536
0.0010611999999999948,1.0,0.45872742675657585
0.0010621999999999947,1.0,0.4641132235052666
0.0010631999999999946,1.0,0.4694454302365575
0.0010641999999999945,1.0,0.4747245801844525
0.0010651999999999944,1.0,0.4799512012771447
0.0010661999999999944,1.0,0.48512581618981004
0.0010671999999999943,1.0,0.49024894239687655
0.0010681999999999942,1.0,0.49532109222377335
0.0010691999999999941,1.0,0.5003427728981636
0.001070199999999994,1.0,0.5053144866006695
0.001071199999999994,1.0,0.5102367305150907
0.0010721999999999939,1.0,0.5151099968781248
0.0010731999999999938,1.0,0.5199347730285913
0.0010741999999999937,1.0,0.5247115414561675
0.0010751999999999936,1.0,0.5294407798496384
0.0010761999999999935,1.0,0.5341229611446668
0.0010771999999999934,1.0,0.538758553571088
0.0010781999999999934,1.0,0.543348020699734
0.0010791999999999933,1.0,0.5478918214887915
0.0010801999999999932,1.0,0.552390410329699
0.001081199999999993,1.0,0.5568442370925876
0.001082199999999993,1.0,0.5612537471712682
0.001083199999999993,1.0,0.5656193815277729
0.0010841999999999929,1.0,0.5699415767364518
0.0010851999999999928,1.0,0.5742207650276316
0.0010861999999999927,1.0,0.5784573743308394
0.0010871999999999926,1.0,0.5826518283175973
0.0010881999999999925,1.0,0.5868045464437904
0.0010891999999999924,1.0,0.5909159439916135
0.0010901999999999923,1.0,0.5949864321111
0.0010911999999999923,1.0,0.5990164178612385
0.0010921999999999922,1.0,0.6030063042506791
0.001093199999999992,1.0,0.6069564902780356
0.001094199999999992,1.0,0.6108673709717866
0.001095199999999992,1.0,0.6147393374297789
0.0010961999999999918,1.0,0.6185727768583386
0.0010971999999999918,1.0,0.6223680726109919
0.0010981999999999917,1.0,0.626125604226803
0.0010991999999999916,1.0,0.6298457474683273
0.0011001999999999915,1.0,0.63352887435919
0.0011011999999999914,1.0,0.637175353221288
0.0011021999999999913,1.0,0.6407855487116236
0.0011031999999999913,1.0,0.6443598218587717
0.0011041999999999912,1.0,0.6478985300989829
0.001105199999999991,1.0,0.6514020273119284
0.001106199999999991,1.0,0.6548706638560885
0.001107199999999991,1.0,0.6583047866037892
0.0011081999999999908,1.0,0.6617047389758908
0.0011091999999999907,1.0,0.6650708609761308
0.0011101999999999907,1.0,0.6684034892251246
0.0011111999999999906,1.0,0.6717029569940288
0.0011121999999999905,1.0,0.6749695942378694
0.0011131999999999904,1.0,0.6782037276285374
0.0011141999999999903,1.0,0.6814056805874573
0.0011151999999999902,1.0,0.6845757733179304
0.0011161999999999902,1.0,0.6877143228371552
0.00111719999999999,1.0,0.6908216430079298
0.00111819999999999,1.0,0.69389804457004
0.00111919999999999,1.0,0.6969438351713333
0.0011201999999999898,1.0,0.6999593193984842
0.0011211999999999897,1.0,0.7029447988074546
0.0011221999999999897,1.0,0.7059005719536493
0.0011231999999999896,1.0,0.7088269344217724
0.0011241999999999895,1.0,0.7117241788553867
0.0011251999999999894,1.0,0.714592594986179
0.0011261999999999893,1.0,0.7174324696629334
0.0011271999999999892,1.0,0.7202440868802175
0.0011281999999999892,1.0,0.7230277278067824
0.001129199999999989,1.0,0.7257836708136801
0.001130199999999989,1.0,0.7285121915021014
0.001131199999999989,1.0,0.7312135627309366
0.0011321999999999888,1.0,0.7338880546440617
0.0011331999999999887,1.0,0.7365359346973547
0.0011341999999999886,1.0,0.7391574676854407
0.0011351999999999886,1.0,0.7417529157681726
0.0011361999999999885,1.0,0.7443225384968476
0.0011371999999999884,1.0,0.7468665928401628
0.0011381999999999883,1.0,0.7493853332099125
0.0011391999999999882,1.0,0.7518790114864308
0.0011401999999999881,1.0,0.7543478770437796
0.001141199999999988,1.0,0.7567921767746875
0.001142199999999988,1.0,0.7592121551152381
0.0011431999999999879,1.0,0.7616080540693152
0.0011441999999999878,1.0,0.7639801132328046
0.0011451999999999877,1.0,0.766328569817553
0.0011461999999999876,1.0,0.7686536586750901
0.0011471999999999876,1.0,0.770955612320114
0.0011481999999999875,1.0,0.7732346609537449
0.0011491999999999874,1.0,0.7754910324865436
0.0011501999999999873,1.0,0.7777249525613046
0.0011511999999999872,1.0,0.7799366445756198
0.0011521999999999871,1.0,0.7821263297042208
0.001153199999999987,1.0,0.7842942269210945
0.001154199999999987,1.0,0.7864405530213823
0.0011551999999999869,1.0,0.7885655226430602
0.0011561999999999868,1.0,0.790669348288403
0.0011571999999999867,1.0,0.7927522403452348
0.0011581999999999866,1.0,0.794814407107969
0.0011591999999999865,1.0,0.7968560547984371
0.0011601999999999865,1.0,0.7988773875865124
0.0011611999999999864,1.0,0.8008786076105272
0.0011621999999999863,1.0,0.8028599149974872
0.0011631999999999862,1.0,0.8048215078830844
0.0011641999999999861,1.0,0.8067635824315115
0.001165199999999986,1.0,0.8086863328550785
0.001166199999999986,1.0,0.8105899514336349
0.0011671999999999859,1.0,0.8124746285337978
0.0011681999999999858,1.0,0.814340552627989
0.0011691999999999857,1.0,0.8161879103132829
0.0011701999999999856,1.0,0.8180168863300664
0.0011711999999999855,1.0,0.8198276635805135
0.0011721999999999854,1.0,0.8216204231468767
0.0011731999999999854,1.0,0.8233953443095946
0.0011741999999999853,1.0,0.8251526045652208
0.0011751999999999852,1.0,0.826892379644174
0.0011761999999999851,1.0,0.8286148435283115
0.001177199999999985,1.0,0.8303201684683286
0.001178199999999985,1.0,0.8320085250009821
0.0011791999999999849,1.0,0.8336800819661465
0.0011801999999999848,1.0,0.8353350065236975
0.0011811999999999847,1.0,0.836973464170228
0.0011821999999999846,1.0,0.838595618755599
0.0011831999999999845,1.0,0.8402016324993243
0.0011841999999999844,1.0,0.8417916660067939
0.0011851999999999844,1.0,0.8433658782853333
0.0011861999999999843,1.0,0.844924426760106
0.0011871999999999842,1.0,0.8464674672898566
0.001188199999999984,1.0,0.847995154182495
0.001189199999999984,1.0,0.8495076402105299
0.001190199999999984,1.0,0.8510050766263456
0.0011911999999999839,1.0,0.8524876131773276
0.0011921999999999838,1.0,0.853955398120837
0.0011931999999999837,1.0,0.8554085782390377
0.0011941999999999836,1.0,0.8568472988535746
0.0011951999999999835,1.0,0.8582717038401061
0.0011961999999999834,1.0,0.8596819356426922
0.0011971999999999833,1.0,0.8610781352880389
0.0011981999999999833,1.0,0.862460442399601
0.0011991999999999832,1.0,0.8638289952115455
0.001200199999999983,1.0,0.865183930582575
0.001201199999999983,1.0,0.8665253840096141
0.001202199999999983,1.0,0.8678534896413591
0.0012031999999999828,1.0,0.8691683802916937
0.0012041999999999828,1.0,0.8704701874529703
0.0012051999999999827,1.0,0.8717590413091599
0.0012061999999999826,1.0,0.87303507074887
0.0012071999999999825,1.0,0.8742984033782347
0.0012081999999999824,1.0,0.8755491655336753
0.0012091999999999823,1.0,0.8767874822945343
0.0012101999999999823,1.0,0.8780134774955838
0.0012111999999999822,1.0,0.8792272737394089
0.001212199999999982,1.0,0.8804289924086686
0.001213199999999982,1.0,0.8816187536782341
0.001214199999999982,1.0,0.8827966765272068
0.0012151999999999818,1.0,0.8839628787508168
0.0012161999999999817,1.0,0.8851174769722018
0.0012171999999999817,1.0,0.8862605866540705
0.0012181999999999816,1.0,0.887392322110249
0.0012191999999999815,1.0,0.8885127965171122
0.0012201999999999814,1.0,0.8896221219249022
0.0012211999999999813,1.0,0.890720409268933
0.0012221999999999812,1.0,0.891807768380685
0.0012231999999999812,1.0,0.8928843079987876
0.001224199999999981,1.0,0.8939501357798941
0.001225199999999981,1.0,0.8950053583094474
0.001226199999999981,1.0,0.8960500811123385
0.0012271999999999808,1.0,0.8970844086634598
0.0012281999999999807,1.0,0.898108444398152
0.0012291999999999807,1.0,0.8991222907225485
0.0012301999999999806,1.0,0.9001260490238165
0.0012311999999999805,1.0,0.9011198196802959
0.0012321999999999804,1.0,0.9021037020715367
0.0012331999999999803,1.0,0.9030777945882379
0.0012341999999999802,1.0,0.9040421946420862
0.0012351999999999802,1.0,0.9049969986754983
0.00123619999999998,1.0,0.9059423021712646
0.00123719999999998,1.0,0.9068781996620978
0.00123819999999998,1.0,0.9078047847400867
0.0012391999999999798,1.0,0.9087221500660562
0.0012401999999999797,1.0,0.9096303873788318
0.0012411999999999796,1.0,0.9105295875044159
0.0012421999999999796,1.0,0.9114198403650687
0.0012431999999999795,1.0,0.9123012349883021
0.0012441999999999794,1.0,0.9131738595157817
0.0012451999999999793,1.0,0.9140378012121421
0.0012461999999999792,1.0,0.9148931464737127
0.0012471999999999791,1.0,0.9157399808371582
0.001248199999999979,1.0,0.9165783889880321
0.001249199999999979,1.0,0.9174084547692458
0.0012501999999999789,1.0,0.9182302611894525
0.0012511999999999788,1.0,0.9190438904313485
0.0012521999999999787,1.0,0.9198494238598924
0.0012531999999999786,1.0,0.9206469420304408
0.0012541999999999786,1.0,0.9214365246968048
0.0012551999999999785,1.0,0.9222182508192247
0.0012561999999999784,1.0,0.9229921985722672
0.0012571999999999783,1.0,0.9237584453526428
0.0012581999999999782,1.0,0.924517067786945
0.0012591999999999781,1.0,0.9252681417393137
0.001260199999999978,1.0,0.9260117423190221
0.001261199999999978,1.0,0.9267479438879872
0.0012621999999999779,1.0,0.9274768200682064
0.0012631999999999778,1.0,0.92819844374912
0.0012641999999999777,1.0,0.9289128870949
0.0012651999999999776,1.0,0.9296202215516672
0.0012661999999999775,1.0,0.9303205178546358
0.0012671999999999775,1.0,0.9310138460351868
0.0012681999999999774,1.0,0.9317002754278716
0.0012691999999999773,1.0,0.9323798746773455
0.0012701999999999772,1.0,0.9330527117452326
0.0012711999999999771,1.0,0.933718853916922
0.001272199999999977,1.0,0.934378367808296
0.001273199999999977,1.0,0.9350313193723926
0.0012741999999999769,1.0,0.9356777739060009
0.0012751999999999768,1.0,0.9363177960561901
0.0012761999999999767,1.0,0.9369514498267754
0.0012771999999999766,1.0,0.937578798584718
0.0012781999999999765,1.0,0.9381999050664624
0.0012791999999999764,1.0,0.9388148313842093
0.0012801999999999764,1.0,0.9394236390321279
0.0012811999999999763,1.0,0.9400263888925048
0.0012821999999999762,1.0,0.9406231412418331
0.0012831999999999761,1.0,0.9412139557568397
0.001284199999999976,1.0,0.9417988915204534
0.001285199999999976,1.0,0.9423780070277126
0.0012861999999999759,1.0,0.9429513601916161
0.0012871999999999758,1.0,0.9435190083489138
0.0012881999999999757,1.0,0.9440810082658401
0.0012891999999999756,1.0,0.9446374161437918
0.0012901999999999755,1.0,0.9451882876249482
0.0012911999999999754,1.0,0.9457336777978346
0.0012921999999999754,1.0,0.9462736412028313
0.0012931999999999753,1.0,0.9468082318376289
0.0012941999999999752,1.0,0.9473375031626274
0.001295199999999975,1.0,0.9478615081062829
0.001296199999999975,1.0,0.9483802990703993
0.001297199999999975,1.0,0.9488939279353705
0.0012981999999999749,1.0,0.949402446065367
0.0012991999999999748,1.0,0.9499059043134728
0.0013001999999999747,1.0,0.9504043530267714
0.0013011999999999746,1.0,0.9508978420513807
0.0013021999999999745,1.0,0.9513864207374366
0.0013031999999999744,1.0,0.9518701379440293
0.0013041999999999743,1.0,0.9523490420440887
0.0013051999999999743,1.0,0.9528231809292221
0.0013061999999999742,1.0,0.9532926020145034
0.001307199999999974,1.0,0.9537573522432147
0.001308199999999974,1.0,0.954217478091541
0.001309199999999974,1.0,0.9546730255732172
0.0013101999999999738,1.0,0.9551240402441303
0.0013111999999999738,1.0,0.9555705672068753
0.0013121999999999737,1.0,0.9560126511152648
0.0013131999999999736,1.0,0.9564503361787947
0.0013141999999999735,1.0,0.9568836661670654
0.0013151999999999734,1.0,0.9573126844141594
0.0013161999999999733,1.0,0.957737433822974
0.0013171999999999733,1.0,0.958157956869512
0.0013181999999999732,1.0,0.958574295607129
0.001319199999999973,1.0,0.9589864916707398
0.001320199999999973,1.0,0.9593945862809813
0.001321199999999973,1.0,0.9597986202483347
0.0013221999999999728,1.0,0.9601986339772071
0.0013231999999999727,1.0,0.9605946674699712
0.0013241999999999727,1.0,0.9609867603309667
0.0013251999999999726,1.0,0.9613749517704597
0.0013261999999999725,1.0,0.9617592806085646
0.0013271999999999724,1.0,0.9621397852791262
0.0013281999999999723,1.0,0.962516503833563
0.0013291999999999722,1.0,0.962889473944672
0.0013301999999999722,1.0,0.9632587329103968
0.001331199999999972,1.0,0.9636243176575571
0.001332199999999972,1.0,0.9639862647455416
0.001333199999999972,1.0,0.9643446103699642
0.0013341999999999718,1.0,0.964699390366283
0.0013351999999999717,1.0,0.9650506402133848
0.0013361999999999717,1.0,0.9653983950371323
0.0013371999999999716,1.0,0.9657426896138773
0.0013381999999999715,1.0,0.9660835583739383
0.0013391999999999714,1.0,0.9664210354050434
0.0013401999999999713,1.0,0.9667551544557397
0.0013411999999999712,1.0,0.9670859489387674
0.0013421999999999712,1.0,0.9674134519344018
0.001343199999999971,1.0,0.9677376961937612
0.001344199999999971,1.0,0.9680587141420821
0.001345199999999971,1.0,0.968376537881962
0.0013461999999999708,1.0,0.9686911991965693
0.0013471999999999707,1.0,0.9690027295528224
0.0013481999999999706,1.0,0.9693111601045356
0.0013491999999999706,1.0,0.9696165216955351
0.0013501999999999705,1.0,0.9699188448627438
0.0013511999999999704,1.0,0.9702181598392341
0.0013521999999999703,1.0,0.9705144965572519
0.0013531999999999702,1.0,0.9708078846512096
0.0013541999999999701,1.0,0.9710983534606502
0.00135519999999997,1.0,0.9713859320331814
0.00135619999999997,1.0,0.9716706491273789
0.0013571999999999699,1.0,0.9719525332156638
0.0013581999999999698,1.0,0.9722316124871497
0.0013591999999999697,1.0,0.9725079148504618
0.0013601999999999696,1.0,0.9727814679365269
0.0013611999999999696,1.0,0.9730522991013376
0.0013621999999999695,1.0,0.9733204354286875
0.0013631999999999694,1.0,0.9735859037328797
0.0013641999999999693,1.0,0.9738487305614082
0.0013651999999999692,1.0,0.974108942197613
0.0013661999999999691,1.0,0.9743665646633083
0.001367199999999969,1.0,0.9746216237213847
0.001368199999999969,1.0,0.9748741448783859
0.0013691999999999689,1.0,0.9751241533870588
0.0013701999999999688,1.0,0.9753716742488794
0.0013711999999999687,1.0,0.9756167322165523
0.0013721999999999686,1.0,0.9758593517964872
0.0013731999999999685,1.0,0.9760995572512488
0.0013741999999999685,1.0,0.9763373726019828
0.0013751999999999684,1.0,0.9765728216308188
0.0013761999999999683,1.0,0.9768059278832485
0.0013771999999999682,1.0,0.9770367146704799
0.0013781999999999681,1.0,0.9772652050717686
0.001379199999999968,1.0,0.9774914219367263
0.001380199999999968,1.0,0.9777153878876048
0.0013811999999999679,1.0,0.977937125321559
0.0013821999999999678,1.0,0.9781566564128867
0.0013831999999999677,1.0,0.978374003115246
0.0013841999999999676,1.0,0.9785891871638507
0.0013851999999999675,1.0,0.9788022300776433
0.0013861999999999674,1.0,0.9790131531614481
0.0013871999999999674,1.0,0.9792219775081005
0.0013881999999999673,1.0,0.9794287240005572
0.0013891999999999672,1.0,0.9796334133139847
0.0013901999999999671,1.0,0.9798360659178256
0.001391199999999967,1.0,0.9800367020778473
0.001392199999999967,1.0,0.9802353418581673
0.0013931999999999669,1.0,0.9804320051232602
0.0013941999999999668,1.0,0.9806267115399444
0.0013951999999999667,1.0,0.980819480579348
0.0013961999999999666,1.0,0.9810103315188571
0.0013971999999999665,1.0,0.9811992834440427
0.0013981999999999664,1.0,0.9813863552505697
0.0013991999999999664,1.0,0.9815715656460865
0.0014001999999999663,1.0,0.9817549331520957
0.0014011999999999662,1.0,0.9819364761058064
0.001402199999999966,1.0,0.9821162126619677
0.001403199999999966,1.0,0.9822941607946843
0.001404199999999966,1.0,0.9824703382992149
0.0014051999999999659,1.0,0.9826447627937502
0.0014061999999999658,1.0,0.9828174517211756
0.0014071999999999657,1.0,0.9829884223508155
0.0014081999999999656,1.0,0.9831576917801608
0.0014091999999999655,1.0,0.9833252769365772
0.0014101999999999654,1.0,0.9834911945789995
0.0014111999999999653,1.0,0.9836554612996068
0.0014121999999999653,1.0,0.9838180935254816
0.0014131999999999652,1.0,0.9839791075202529
0.001414199999999965,1.0,0.984138519385723
0.001415199999999965,1.0,0.9842963450634771
0.001416199999999965,1.0,0.9844526003364774
0.0014171999999999648,1.0,0.9846073008306419
0.0014181999999999648,1.0,0.9847604620164067
0.0014191999999999647,1.0,0.9849120992102733
0.0014201999999999646,1.0,0.9850622275763404
0.0014211999999999645,1.0,0.9852108621278198
0.0014221999999999644,1.0,0.9853580177285383
0.0014231999999999643,1.0,0.9855037090944236
0.0014241999999999643,1.0,0.9856479507949767
0.0014251999999999642,1.0,0.9857907572547283
0.001426199999999964,1.0,0.9859321427546818
0.001427199999999964,1.0,0.98607212143374
0.001428199999999964,1.0,0.9862107072901207
0.0014291999999999638,1.0,0.9863479141827565
0.0014301999999999637,1.0,0.9864837558326796
0.0014311999999999637,1.0,0.9866182458243944
0.0014321999999999636,1.0,0.9867513976072364
0.0014331999999999635,1.0,0.9868832244967168
0.0014341999999999634,1.0,0.9870137396758542
0.0014351999999999633,1.0,0.9871429561964926
0.0014361999999999632,1.0,0.9872708869806074
0.0014371999999999632,1.0,0.9873975448215966
0.001438199999999963,1.0,0.987522942385561
0.001439199999999963,1.0,0.9876470922125706
0.001440199999999963,1.0,0.9877700067179184
0.0014411999999999628,1.0,0.987891698193362
0.0014421999999999627,1.0,0.9880121788083533
0.0014431999999999627,1.0,0.9881314606112551
0.0014441999999999626,1.0,0.9882495555305462
0.0014451999999999625,1.0,0.9883664753760134
0.0014461999999999624,1.0,0.9884822318399338
0.0014471999999999623,1.0,0.988596836498243
0.0014481999999999622,1.0,0.9887103008116936
0.0014491999999999622,1.0,0.9888226361270003
0.001450199999999962,1.0,0.9889338536779756
0.001451199999999962,1.0,0.9890439645866526
0.001452199999999962,1.0,0.9891529798643973
0.0014531999999999618,1.0,0.9892609104130102
0.0014541999999999617,1.0,0.9893677670258161
0.0014551999999999616,1.0,0.9894735603887435
0.0014561999999999616,1.0,0.9895783010813929
0.0014571999999999615,1.0,0.9896819995780957
0.0014581999999999614,1.0,0.9897846662489607
0.0014591999999999613,1.0,0.9898863113609115
0.0014601999999999612,1.0,0.9899869450787137
0.0014611999999999611,1.0,0.9900865774659903
0.001462199999999961,1.0,0.9901852184862292
0.001463199999999961,1.0,0.9902828780037792
0.0014641999999999609,1.0,0.9903795657848363
0.0014651999999999608,1.0,0.9904752914984202
0.0014661999999999607,1.0,0.9905700647173413
0.0014671999999999606,1.0,0.9906638949191587
0.0014681999999999606,1.0,0.9907567914871275
0.0014691999999999605,1.0,0.9908487637111364
0.0014701999999999604,1.0,0.9909398207886375
0.0014711999999999603,1.0,0.9910299718255666
0.0014721999999999602,1.0,0.9911192258372528
0.0014731999999999601,1.0,0.9912075917493199
0.00147419999999996,1.0,0.9912950783985806
0.00147519999999996,1.0,0.9913816945339181
0.0014761999999999599,1.0,0.9914674488171628
0.0014771999999999598,1.0,0.9915523498239572
0.0014781999999999597,1.0,0.9916364060446144
0.0014791999999999596,1.0,0.9917196258849668
0.0014801999999999595,1.0,0.991802017667206
0.0014811999999999595,1.0,0.9918835896307165
0.0014821999999999594,1.0,0.9919643499328984
0.0014831999999999593,1.0,0.9920443066499839
0.0014841999999999592,1.0,0.9921234677778449
0.0014851999999999591,1.0,0.9922018412327919
0.001486199999999959,1.0,0.992279434852366
0.001487199999999959,1.0,0.9923562563961237
0.0014881999999999589,1.0,0.9924323135464109
0.0014891999999999588,1.0,0.9925076139091332
0.0014901999999999587,1.0,0.992582165014515
0.0014911999999999586,1.0,0.9926559743178534
0.0014921999999999585,1.0,0.9927290492002627
0.0014931999999999584,1.0,0.9928013969694142
0.0014941999999999584,1.0,0.9928730248602657
0.0014951999999999583,1.0,0.9929439400357856
0.0014961999999999582,1.0,0.9930141495876685
0.0014971999999999581,1.0,0.9930836605370452
0.001498199999999958,1.0,0.9931524798351843
0.001499199999999958,1.0,0.9932206143641875
0.0015001999999999579,1.0,0.9932880709376785
0.001501,1.0,0.9933415524441543
0.0015011,0.9000000000000518,0.9932483041400145
0.0015013,0.7000000000001554,0.9928621936422326
0.0015017,0.3000000000001456,0.9908946798951587
0.0015019999999999999,1.9251267247000214e-13,0.9883757742139958
0.0015020799999999998,0.0,0.9875857056494763
0.0015022399999999997,0.0,0.9860068316196614
0.0015025599999999998,0.0,0.9828566500489919
0.0015031999999999997,0.0,0.9765864321858408
0.0015041999999999996,0.0,0.9668691542536434
0.0015051999999999995,0.0,0.9572485656541049
0.0015061999999999994,0.0,0.9477237043043129
0.0015071999999999993,0.0,0.9382936176943198
0.0015081999999999993,0.0,0.9289573627918889
0.0015091999999999992,0.0,0.9197140059481884
0.001510199999999999,0.0,0.9105626228044252
0.001511199999999999,0.0,0.901502298199406
0.001512199999999999,0.0,0.8925321260780188
0.0015131999999999988,0.0,0.8836512094006256
0.0015141999999999988,0.0,0.874858660053356
0.0015151999999999987,0.0,0.8661535987592928
0.0015161999999999986,0.0,0.8575351549905434
0.0015171999999999985,0.0,0.8490024668811847
0.0015181999999999984,0.0,0.8405546811410735
0.0015191999999999983,0.0,0.8321909529705157
0.0015201999999999982,0.0,0.8239104459757844
0.0015211999999999982,0.0,0.8157123320854781
0.001522199999999998,0.0,0.8075957914677121
0.001523199999999998,0.0,0.7995600124481329
0.001524199999999998,0.0,0.7916041914287485
0.0015251999999999978,0.0,0.783727532807567
0.0015261999999999977,0.0,0.7759292488990341
0.0015271999999999977,0.0,0.768208559855263
0.0015281999999999976,0.0,0.7605646935880467
0.0015291999999999975,0.0,0.7529968856916484
0.0015301999999999974,0.0,0.7455043793663585
0.0015311999999999973,0.0,0.7380864253428128
0.0015321999999999972,0.0,0.7307422818070635
0.0015331999999999972,0.0,0.7234712143263963
0.001534199999999997,0.0,0.7162724957758848
0.001535199999999997,0.0,0.7091454062656768
0.001536199999999997,0.0,0.7020892330690034
0.0015371999999999968,0.0,0.6951032705509042
0.0015381999999999967,0.0,0.6881868200976614
0.0015391999999999966,0.0,0.6813391900469384
0.0015401999999999966,0.0,0.6745596956186106
0.0015411999999999965,0.0,0.667847658846286
0.0015421999999999964,0.0,0.6612024085095072
0.0015431999999999963,0.0,0.6546232800666265
0.0015441999999999962,0.0,0.6481096155883516
0.0015451999999999961,0.0,0.6416607636919499
0.001546199999999996,0.0,0.6352760794761095
0.001547199999999996,0.0,0.6289549244564467
0.0015481999999999959,0.0,0.6226966665016562
0.0015491999999999958,0.0,0.6165006797702964
0.0015501999999999957,0.0,0.6103663446482039
0.0015511999999999956,0.0,0.6042930476865305
0.0015521999999999956,0.0,0.5982801815403959
0.0015531999999999955,0.0,0.5923271449081532
0.0015541999999999954,0.0,0.5864333424712562
0.0015551999999999953,0.0,0.5805981848347262
0.0015561999999999952,0.0,0.5748210884682114
0.0015571999999999951,0.0,0.5691014756476322
0.001558199999999995,0.0,0.5634387743974072
0.001559199999999995,0.0,0.5578324184332539
0.0015601999999999949,0.0,0.5522818471055598
0.0015611999999999948,0.0,0.5467865053433155
0.0015621999999999947,0.0,0.5413458435986059
0.0015631999999999946,0.0,0.5359593177916547
0.0015641999999999945,0.0,0.5306263892564145
0.0015651999999999945,0.0,0.525346524686699
0.0015661999999999944,0.0,0.5201191960828513
0.0015671999999999943,0.0,0.5149438806989424
0.0015681999999999942,0.0,0.5098200609904954
0.0015691999999999941,0.0,0.5047472245627294
0.001570199999999994,0.0,0.4997248641193193
0.001571199999999994,0.0,0.49475247741166445
0.0015721999999999939,0.0,0.48982956718866283
0.0015731999999999938,0.0,0.48495564114698464
0.0015741999999999937,0.0,0.4801302118818405
0.0015751999999999936,0.0,0.4753527968382401
0.0015761999999999935,0.0,0.47062291826273517
0.0015771999999999935,0.0,0.4659401031556434
0.0015781999999999934,0.0,0.4613038832237465
0.0015791999999999933,0.0,0.4567137948334605
0.0015801999999999932,0.0,0.45216937896447096
0.0015811999999999931,0.0,0.4476701811638295
0.001582199999999993,0.0,0.4432157515005079
0.001583199999999993,0.0,0.4388056445204034
0.0015841999999999929,0.0,0.4344394192017924
0.0015851999999999928,0.0,0.4301166389112273
0.0015861999999999927,0.0,0.42583687135987186
0.0015871999999999926,0.0,0.42159968856027114
0.0015881999999999925,0.0,0.417404666783552
0.0015891999999999924,0.0,0.41325138651704896
0.0015901999999999924,0.0,0.4091394324223519
0.0015911999999999923,0.0,0.4050683932937712
0.0015921999999999922,0.0,0.40103786201721625
0.001593199999999992,0.0,0.39704743552948274
0.001594199999999992,0.0,0.3930967147779456
0.001595199999999992,0.0,0.38918530468065266
0.0015961999999999919,0.0,0.3853128140868154
0.0015971999999999918,0.0,0.3814788557376928
0.0015981999999999917,0.0,0.37768304622786497
0.0015991999999999916,0.0,0.3739250059668912
0.0016001999999999915,0.0,0.3702043591413501
0.0016011999999999914,0.0,0.3665207336772571
0.0016021999999999913,0.0,0.3628737612028566
0.0016031999999999913,0.0,0.35926307701178334
0.0016041999999999912,0.0,0.35568832002659145
0.001605199999999991,0.0,0.35214913276264537
0.001606199999999991,0.0,0.34864516129237033
0.001607199999999991,0.0,0.34517605520985917
0.0016081999999999908,0.0,0.3417414675958307
0.0016091999999999908,0.0,0.3383410549829369
0.0016101999999999907,0.0,0.3349744773214152
0.0016111999999999906,0.0,0.33164139794508285
0.0016121999999999905,0.0,0.32834148353766907
0.0016131999999999904,0.0,0.32507440409948335
0.0016141999999999903,0.0,0.32183983291441387
0.0016151999999999903,0.0,0.3186374465172555
0.0016161999999999902,0.0,0.31546692466136245
0.00161719999999999,0.0,0.3123279502866226
0.00161819999999999,0.0,0.3092202094877507
0.00161919999999999,0.0,0.30614339148289743
0.0016201999999999898,0.0,0.3030971885825702
0.0016211999999999897,0.0,0.30008129615886303
0.0016221999999999897,0.0,0.2970954126149938
0.0016231999999999896,0.0,0.2941392393551431
0.0016241999999999895,0.0,0.2912124807545944
0.0016251999999999894,0.0,0.2883148441301706
0.0016261999999999893,0.0,0.285446039710965
0.0016271999999999892,0.0,0.28260578060936337
0.0016281999999999892,0.0,0.2797937827923548
0.001629199999999989,0.0,0.2770097650531274
0.001630199999999989,0.0,0.27425344898294707
0.001631199999999989,0.0,0.2715245589433158
0.0016321999999999888,0.0,0.2688228220384072
0.0016331999999999887,0.0,0.2661479680877763
0.0016341999999999887,0.0,0.26349972959934076
0.0016351999999999886,0.0,0.26087784174263084
0.0016361999999999885,0.0,0.2582820423223061
0.0016371999999999884,0.0,0.25571207175193494
0.0016381999999999883,0.0,0.2531676730280351
0.0016391999999999882,0.0,0.2506485917043731
0.0016401999999999882,0.0,0.24815457586651865
0.001641199999999988,0.0,0.24568537610665284
0.001642199999999988,0.0,0.24324074549862643
0.001643199999999988,0.0,0.240820439573267
0.0016441999999999878,0.0,0.238424216293931
0.0016451999999999877,0.0,0.23605183603229987
0.0016461999999999876,0.0,0.23370306154441628
0.0016471999999999876,0.0,0.23137765794695941
0.0016481999999999875,0.0,0.22907539269375585
0.0016491999999999874,0.0,0.22679603555252445
0.0016501999999999873,0.0,0.2245393585818526
0.0016511999999999872,0.0,0.2223051361084013
0.0016521999999999871,0.0,0.2200931447043376
0.001653199999999987,0.0,0.21790316316499098
0.001654199999999987,0.0,0.21573497248673235
0.0016551999999999869,0.0,0.21358835584507335
0.0016561999999999868,0.0,0.2114630985729831
0.0016571999999999867,0.0,0.20935898813942105
0.0016581999999999866,0.0,0.20727581412808352
0.0016591999999999866,0.0,0.20521336821636127
0.0016601999999999865,0.0,0.20317144415450694
0.0016611999999999864,0.0,0.2011498377450094
0.0016621999999999863,0.0,0.1991483468221735
0.0016631999999999862,0.0,0.1971667712319031
0.0016641999999999861,0.0,0.19520491281168512
0.001665199999999986,0.0,0.19326257537077282
0.001666199999999986,0.0,0.19133956467056615
0.0016671999999999859,0.0,0.1894356884051874
0.0016681999999999858,0.0,0.1875507561822502
0.0016691999999999857,0.0,0.18568457950381984
0.0016701999999999856,0.0,0.18383697174756292
0.0016711999999999855,0.0,0.18200774814808465
0.0016721999999999855,0.0,0.180196725778452
0.0016731999999999854,0.0,0.17840372353190026
0.0016741999999999853,0.0,0.17662856210372213
0.0016751999999999852,0.0,0.17487106397333682
0.0016761999999999851,0.0,0.17313105338653745
0.001677199999999985,0.0,0.17140835633791518
0.001678199999999985,0.0,0.1697028005534583
0.0016791999999999849,0.0,0.16801421547332437
0.0016801999999999848,0.0,0.16634243223478382
0.0016811999999999847,0.0,0.16468728365533325
0.0016821999999999846,0.0,0.16304860421597675
0.0016831999999999845,0.0,0.1614262300446735
0.0016841999999999845,0.0,0.15981999889995038
0.0016851999999999844,0.0,0.15822975015467725
0.0016861999999999843,0.0,0.15665532478000382
0.0016871999999999842,0.0,0.15509656532945654
0.0016881999999999841,0.0,0.1535533159231933
0.001689199999999984,0.0,0.15202542223241525
0.001690199999999984,0.0,0.15051273146393357
0.0016911999999999839,0.0,0.14901509234488952
0.0016921999999999838,0.0,0.14753235510762694
0.0016931999999999837,0.0,0.14606437147471524
0.0016941999999999836,0.0,0.14461099464412108
0.0016951999999999835,0.0,0.14317207927452785
0.0016961999999999834,0.0,0.14174748147080124
0.0016971999999999834,0.0,0.14033705876959926
0.0016981999999999833,0.0,0.13894067012512565
0.0016991999999999832,0.0,0.13755817589502492
0.001700199999999983,0.0,0.13618943782641774
0.001701199999999983,0.0,0.13483431904207532
0.001702199999999983,0.0,0.1334926840267313
0.0017031999999999829,0.0,0.13216439861353002
0.0017041999999999828,0.0,0.13084932997060936
0.0017051999999999827,0.0,0.12954734658781725
0.0017061999999999826,0.0,0.12825831826356038
0.0017071999999999825,0.0,0.12698211609178367
0.0017081999999999824,0.0,0.1257186124490794
0.0017091999999999823,0.0,0.1244676809819244
0.0017101999999999823,0.0,0.12322919659404456
0.0017111999999999822,0.0,0.12200303543390481
0.001712199999999982,0.0,0.1207890748823237
0.001713199999999982,0.0,0.11958719354021104
0.001714199999999982,0.0,0.11839727121642785
0.0017151999999999818,0.0,0.11721918891576691
0.0017161999999999818,0.0,0.11605282882705284
0.0017171999999999817,0.0,0.1148980743113608
0.0017181999999999816,0.0,0.11375480989035223
0.0017191999999999815,0.0,0.11262292123472685
0.0017201999999999814,0.0,0.1115022951527893
0.0017211999999999813,0.0,0.1103928195791297
0.0017221999999999813,0.0,0.109294383563417
0.0017231999999999812,0.0,0.10820687725930342
0.001724199999999981,0.0,0.10713019191343973
0.001725199999999981,0.0,0.10606421985459956
0.001726199999999981,0.0,0.10500885448291203
0.0017271999999999808,0.0,0.10396399025920147
0.0017281999999999807,0.0,0.10292952269443333
0.0017291999999999807,0.0,0.10190534833926485
0.0017301999999999806,0.0,0.10089136477370005
0.0017311999999999805,0.0,0.09988747059684733
0.0017321999999999804,0.0,0.0988935654167792
0.0017331999999999803,0.0,0.09790954984049285
0.0017341999999999802,0.0,0.09693532546397053
0.0017351999999999802,0.0,0.09597079486233898
0.00173619999999998,0.0,0.09501586158012665
0.00173719999999998,0.0,0.09407043012161793
0.00173819999999998,0.0,0.09313440594130333
0.0017391999999999798,0.0,0.0922076954344247
0.0017401999999999797,0.0,0.09129020592761453
0.0017411999999999797,0.0,0.09038184566962833
0.0017421999999999796,0.0,0.08948252382216935
0.0017431999999999795,0.0,0.0885921504508045
0.0017441999999999794,0.0,0.08771063651597064
0.0017451999999999793,0.0,0.08683789386407044
0.0017461999999999792,0.0,0.08597383521865679
0.0017471999999999792,0.0,0.08511837417170497
0.001748199999999979,0.0,0.08427142517497158
0.001749199999999979,0.0,0.08343290353143952
0.001750199999999979,0.0,0.08260272538684807
0.0017511999999999788,0.0,0.08178080772130732
0.0017521999999999787,0.0,0.08096706834099583
0.0017531999999999786,0.0,0.08016142586994117
0.0017541999999999786,0.0,0.07936379974188205
0.0017551999999999785,0.0,0.07857411019221161
0.0017561999999999784,0.0,0.07779227825000055
0.0017571999999999783,0.0,0.07701822573010005
0.0017581999999999782,0.0,0.07625187522532295
0.0017591999999999781,0.0,0.07549315009870283
0.001760199999999978,0.0,0.07474197447583017
0.001761199999999978,0.0,0.0739982732372647
0.0017621999999999779,0.0,0.07326197201102326
0.0017631999999999778,0.0,0.07253299716514243
0.0017641999999999777,0.0,0.07181127580031514
0.0017651999999999776,0.0,0.07109673574260056
0.0017661999999999776,0.0,0.07038930553620652
0.0017671999999999775,0.0,0.06968891443634376
0.0017681999999999774,0.0,0.06899549240215128
0.0017691999999999773,0.0,0.06830897008969206
0.0017701999999999772,0.0,0.06762927884501849
0.0017711999999999771,0.0,0.06695635069730685
0.001772199999999977,0.0,0.06629011835206003
0.001773199999999977,0.0,0.06563051518437786
0.0017741999999999769,0.0,0.06497747523229452
0.0017751999999999768,0.0,0.06433093319018215
0.0017761999999999767,0.0,0.06369082440222015
0.0017771999999999766,0.0,0.06305708485592941
0.0017781999999999765,0.0,0.062429651175770914
0.0017791999999999765,0.0,0.06180846061680804
0.0017801999999999764,0.0,0.061193451058431846
0.0017811999999999763,0.0,0.06058456099814895
0.0017821999999999762,0.0,0.05998172954543105
0.0017831999999999761,0.0,0.05938489641562576
0.001784199999999976,0.0,0.058794001923928
0.001785199999999976,0.0,0.058208986979411306
0.0017861999999999759,0.0,0.05762979307911867
0.0017871999999999758,0.0,0.05705636230221203
0.0017881999999999757,0.0,0.056488637304180085
0.0017891999999999756,0.0,0.05592656131110367
0.0017901999999999755,0.0,0.05537007811397827
0.0017911999999999755,0.0,0.054819132063092905
0.0017921999999999754,0.0,0.054273668062465114
0.0017931999999999753,0.0,0.05373363156433114
0.0017941999999999752,0.0,0.053198968563691044
0.0017951999999999751,0.0,0.05266962559290805
0.001796199999999975,0.0,0.052145549716361705
0.001797199999999975,0.0,0.05162668852515413
0.0017981999999999749,0.0,0.05111299013186902
0.0017991999999999748,0.0,0.050604403165382755
0.0018001999999999747,0.0,0.050100876765727206
0.0018011999999999746,0.0,0.04960236057900356
0.0018021999999999745,0.0,0.04910880475234682
0.0018031999999999744,0.0,0.0486201599289404
0.0018041999999999744,0.0,0.0481363772430803
0.0018051999999999743,0.0,0.047657408315288446
0.0018061999999999742,0.0,0.04718320524747464
0.001807199999999974,0.0,0.04671372061814655
0.001808199999999974,0.0,0.046248907477667474
0.001809199999999974,0.0,0.04578871934356133
0.0018101999999999739,0.0,0.045333110195864196
0.0018111999999999738,0.0,0.044882034472522266
0.0018121999999999737,0.0,0.04443544706483549
0.0018131999999999736,0.0,0.043993303312946576
0.0018141999999999735,0.0,0.04355555900137497
0.0018151999999999734,0.0,0.04312217035459511
0.0018161999999999733,0.0,0.04269309403265884
0.0018171999999999733,0.0,0.042268287126861245
0.0018181999999999732,0.0,0.0418477071554497
0.001819199999999973,0.0,0.04143131205937558
0.001820199999999973,0.0,0.041019060198088264
0.001821199999999973,0.0,0.040610910345370975
0.0018221999999999728,0.0,0.04020682168521804
0.0018231999999999728,0.0,0.039806753807753184
0.0018241999999999727,0.0,0.03941066670518848
0.0018251999999999726,0.0,0.039018520767823424
0.0018261999999999725,0.0,0.038630276780083884
0.0018271999999999724,0.0,0.03824589591660047
0.0018281999999999723,0.0,0.037865339738325836
0.0018291999999999723,0.0,0.037488570188690756
0.0018301999999999722,0.0,0.037115549589798305
0.001831199999999972,0.0,0.03674624063865604
0.001832199999999972,0.0,0.03638060640344553
0.001833199999999972,0.0,0.03601861031982916
0.0018341999999999718,0.0,0.03566021618729356
0.0018351999999999717,0.0,0.03530538816552945
0.0018361999999999717,0.0,0.03495409077084757
0.0018371999999999716,0.0,0.03460628887263018
0.0018381999999999715,0.0,0.03426194768981795
0.0018391999999999714,0.0,0.03392103278743171
0.0018401999999999713,0.0,0.03358351007312892
0.0018411999999999712,0.0,0.03324934579379431
0.0018421999999999712,0.0,0.03291850653216452
0.001843199999999971,0.0,0.03259095920348627
0.001844199999999971,0.0,0.0322666710522078
0.001845199999999971,0.0,0.031945609648703244
0.0018461999999999708,0.0,0.03162774288602958
0.0018471999999999707,0.0,0.031313038976715855
0.0018481999999999707,0.0,0.031001466449584358
0.0018491999999999706,0.0,0.03069299414660342
0.0018501999999999705,0.0,0.03038759121977155
0.0018511999999999704,0.0,0.03008522712803254
0.0018521999999999703,0.0,0.029785871634221275
0.0018531999999999702,0.0,0.02948949480203997
0.0018541999999999702,0.0,0.029196066993064453
0.00185519999999997,0.0,0.028905558863780236
0.00185619999999997,0.0,0.028617941362648096
0.00185719999999997,0.0,0.02833318572719886
0.0018581999999999698,0.0,0.028051263481157083
0.0018591999999999697,0.0,0.027772146431593328
0.0018601999999999696,0.0,0.027495806666104836
0.0018611999999999696,0.0,0.027222216550024186
0.0018621999999999695,0.0,0.026951348723655785
0.0018631999999999694,0.0,0.026683176099539817
0.0018641999999999693,0.0,0.026417671859743405
0.0018651999999999692,0.0,0.026154809453178794
0.0018661999999999691,0.0,0.025894562592948162
0.001867199999999969,0.0,0.025636905253714856
0.001868199999999969,0.0,0.025381811669100782
0.0018691999999999689,0.0,0.025129256329109728
0.0018701999999999688,0.0,0.024879213977576302
0.0018711999999999687,0.0,0.024631659609640227
0.0018721999999999686,0.0,0.0243865684692458
0.0018731999999999686,0.0,0.024143916046666245
0.0018741999999999685,0.0,0.023903678076052648
0.0018751999999999684,0.0,0.023665830533007352
0.0018761999999999683,0.0,0.02343034963218141
0.0018771999999999682,0.0,0.023197211824896022
0.0018781999999999681,0.0,0.02296639379678761
0.001879199999999968,0.0,0.022737872465476292
0.001880199999999968,0.0,0.02251162497825763
0.0018811999999999679,0.0,0.022287628709817257
0.0018821999999999678,0.0,0.022065861259968327
0.0018831999999999677,0.0,0.02184630045141143
0.0018841999999999676,0.0,0.02162892432751679
0.0018851999999999675,0.0,0.021413711150128564
0.0018861999999999675,0.0,0.021200639397390964
0.0018871999999999674,0.0,0.02098968776159604
0.0018881999999999673,0.0,0.0207808351470528
0.0018891999999999672,0.0,0.020574060667977657
0.0018901999999999671,0.0,0.020369343646405746
0.001891199999999967,0.0,0.020166663610123103
0.001892199999999967,0.0,0.01996600029061939
0.0018931999999999669,0.0,0.019767333621060992
0.0018941999999999668,0.0,0.019570643734284267
0.0018951999999999667,0.0,0.019375910960808804
0.0018961999999999666,0.0,0.01918311582687041
0.0018971999999999665,0.0,0.018992239052473693
0.0018981999999999665,0.0,0.018803261549464004
0.0018991999999999664,0.0,0.018616164419618587
0.0019001999999999663,0.0,0.018430928952756713
0.0019011999999999662,0.0,0.01824753662486859
0.0019021999999999661,0.0,0.018065969096262933
0.001903199999999966,0.0,0.017886208209732957
0.001904199999999966,0.0,0.01770823598874059
0.0019051999999999659,0.0,0.017532034635618792
0.0019061999999999658,0.0,0.017357586529791743
0.0019071999999999657,0.0,0.01718487422601272
0.0019081999999999656,0.0,0.017013880452619562
0.0019091999999999655,0.0,0.016844588109807428
0.0019101999999999654,0.0,0.016676980267918796
0.0019111999999999654,0.0,0.01651104016575045
0.0019121999999999653,0.0,0.016346751208877307
0.0019131999999999652,0.0,0.016184096967992955
0.001914199999999965,0.0,0.016023061177266658
0.001915199999999965,0.0,0.01586362773271674
0.001916199999999965,0.0,0.015705780690600156
0.0019171999999999649,0.0,0.015549504265818068
0.0019181999999999648,0.0,0.015394782830337295
0.0019191999999999647,0.0,0.015241600911627474
0.0019201999999999646,0.0,0.015089943191113769
0.0019211999999999645,0.0,0.014939794502644977
0.0019221999999999644,0.0,0.01479113983097687
0.0019231999999999643,0.0,0.014643964310270634
0.0019241999999999643,0.0,0.014498253222606254
0.0019251999999999642,0.0,0.014353991996510667
0.001926199999999964,0.0,0.01421116620550061
0.001927199999999964,0.0,0.01406976156663991
0.001928199999999964,0.0,0.013929763939111158
0.0019291999999999638,0.0,0.013791159322801599
0.0019301999999999638,0.0,0.013653933856903076
0.0019311999999999637,0.0,0.013518073818525931
0.0019321999999999636,0.0,0.013383565621326667
0.0019331999999999635,0.0,0.013250395814149291
0.0019341999999999634,0.0,0.013118551079680145
0.0019351999999999633,0.0,0.012988018233116166
0.0019361999999999633,0.0,0.012858784220846355
0.0019371999999999632,0.0,0.012730836119146393
0.001938199999999963,0.0,0.012604161132886234
0.001939199999999963,0.0,0.012478746594250554
0.001940199999999963,0.0,0.012354579961471943
0.0019411999999999628,0.0,0.012231648817576704
0.0019421999999999627,0.0,0.012109940869143108
0.0019431999999999627,0.0,0.011989443945072033
0.0019441999999999626,0.0,0.011870145995369825
0.0019451999999999625,0.0,0.01175203508994326
0.0019461999999999624,0.0,0.011635099417406513
0.0019471999999999623,0.0,0.011519327283899981
0.0019481999999999622,0.0,0.011404707111920879
0.0019491999999999622,0.0,0.011291227439165448
0.001950199999999962,0.0,0.01117887691738271
0.001951199999999962,0.0,0.0110676443112396
0.001952199999999962,0.0,0.010957518497197415
0.001953199999999962,0.0,0.01084848846239943
0.001954199999999962,0.0,0.010740543303569583
0.001955199999999962,0.0,0.010633672225922125
0.0019561999999999622,0.0,0.010527864542082105
0.0019571999999999624,0.0,0.010423109671016612
0.0019581999999999625,0.0,0.010319397136976648
0.0019591999999999626,0.0,0.010216716568449523
0.0019601999999999628,0.0,0.01011505769712167
0.001961199999999963,0.0,0.010014410356851805
0.001962199999999963,0.0,0.009914764482654274
0.001963199999999963,0.0,0.009816110109692543
0.0019641999999999633,0.0,0.00971843737228267
0.0019651999999999634,0.0,0.009621736502906725
0.0019661999999999635,0.0,0.009525997831236012
0.0019671999999999637,0.0,0.009431211783164013
0.001968199999999964,0.0,0.00933736887984895
0.001969199999999964,0.0,0.009244459736765876
0.001970199999999964,0.0,0.009152475062768207
0.001971199999999964,0.0,0.009061405659158575
0.0019721999999999643,0.0,0.008971242418768939
0.0019731999999999645,0.0,0.008881976325049846
0.0019741999999999646,0.0,0.008793598451168753
0.0019751999999999647,0.0,0.008706099959117322
0.001976199999999965,0.0,0.008619472098827597
0.001977199999999965,0.0,0.008533706207296973
0.001978199999999965,0.0,0.008448793707721879
0.0019791999999999653,0.0,0.00836472610864007
0.0019801999999999654,0.0,0.008281495003081462
0.0019811999999999655,0.0,0.008199092067727419
0.0019821999999999657,0.0,0.00811750906207839
0.001983199999999966,0.0,0.008036737827629849
0.001984199999999966,0.0,0.007956770287056419
0.001985199999999966,0.0,0.007877598443404117
0.001986199999999966,0.0,0.0077992143792906445
0.0019871999999999663,0.0,0.0077216102561136245
0.0019881999999999665,0.0,0.007644778313266725
0.0019891999999999666,0.0,0.007568710867363575
0.0019901999999999667,0.0,0.007493400311469412
0.001991199999999967,0.0,0.007418839114340364
0.001992199999999967,0.0,0.00734501981967031
0.001993199999999967,0.0,0.007271935045345232
0.0019941999999999673,0.0,0.007199577482704981
0.0019951999999999674,0.0,0.0071279398958123946
0.0019961999999999675,0.0,0.0070570151207296865
0.0019971999999999677,0.0,0.006986796064802029
0.001998199999999968,0.0,0.006917275705948278
0.001999199999999968,0.0,0.006848447091958743
0.002,0.0,0.006793877792419044
0.0020001,0.0999999999998398,0.006886990801617267
0.0020003,0.2999999999999531,0.007272830979835608
0.0020007,0.699999999999746,0.009239805706462411
0.002001,1.0,0.01175830853510293
0.00200108,1.0,0.012548269919167595
0.00200124,1.0,0.01412692975942472
0.00200156,1.0,0.017276683977445726
0.0020022,1.0,0.02354605122479854
0.0020032,1.0,0.03326201091410402
0.0020042000000000003,1.0,0.04288129438759553
0.0020052000000000004,1.0,0.052404863597669216
0.0020062000000000005,1.0,0.061833670925055595
0.0020072000000000007,1.0,0.07116865927406
0.0020082000000000008,1.0,0.08041076216685542
0.002009200000000001,1.0,0.08956090383683697
0.002010200000000001,1.0,0.09861999932104759
0.002011200000000001,1.0,0.10758895455168396
0.0020122000000000013,1.0,0.1164686664466921
0.0020132000000000014,1.0,0.12526002299946135
0.0020142000000000016,1.0,0.13396390336762592
0.0020152000000000017,1.0,0.14258117796098288
0.002016200000000002,1.0,0.1511127085285353
0.002017200000000002,1.0,0.15955934824466933
0.002018200000000002,1.0,0.16792194179447367
0.0020192000000000022,1.0,0.1762013254582103
0.0020202000000000024,1.0,0.18439832719494453
0.0020212000000000025,1.0,0.19251376672534315
0.0020222000000000026,1.0,0.20054845561364829
0.0020232000000000028,1.0,0.20850319734883593
0.002024200000000003,1.0,0.2163787874249669
0.002025200000000003,1.0,0.22417601342073837
0.002026200000000003,1.0,0.2318956550782435
0.0020272000000000033,1.0,0.23953848438094755
0.0020282000000000034,1.0,0.24710526563088836
0.0020292000000000036,1.0,0.2545967555251084
0.0020302000000000037,1.0,0.2620137032313263
0.002031200000000004,1.0,0.2693568504628554
0.002032200000000004,1.0,0.2766269315527773
0.002033200000000004,1.0,0.28382467352737656
0.0020342000000000042,1.0,0.29095079617884545
0.0020352000000000044,1.0,0.29800601213726496
0.0020362000000000045,1.0,0.30499102694186936
0.0020372000000000046,1.0,0.31190653911160204
0.0020382000000000048,1.0,0.31875324021496915
0.002039200000000005,1.0,0.32553181493919836
0.002040200000000005,1.0,0.3322429411587089
0.002041200000000005,1.0,0.3388872900029008
0.0020422000000000053,1.0,0.34546552592326996
0.0020432000000000054,1.0,0.35197830675985436
0.0020442000000000056,1.0,0.35842628380702013
0.0020452000000000057,1.0,0.364810101878592
0.002046200000000006,1.0,0.37113039937233727
0.002047200000000006,1.0,0.37738780833380653
0.002048200000000006,1.0,0.3835829545195398
0.0020492000000000062,1.0,0.3897164574596439
0.0020502000000000064,1.0,0.39578893051974706
0.0020512000000000065,1.0,0.40180098096233674
0.0020522000000000066,1.0,0.4077532100074877
0.0020532000000000068,1.0,0.41364621289298537
0.002054200000000007,1.0,0.4194805789338512
0.002055200000000007,1.0,0.42525689158127566
0.002056200000000007,1.0,0.4309757284809644
0.0020572000000000073,1.0,0.4366376615309051
0.0020582000000000074,1.0,0.4422432569385579
0.0020592000000000076,1.0,0.4477930752774777
0.0020602000000000077,1.0,0.45328767154337335
0.002061200000000008,1.0,0.4587275952096085
0.002062200000000008,1.0,0.46411339028214976
0.002063200000000008,1.0,0.46944559535396924
0.002064200000000008,1.0,0.47472474365890494
0.0020652000000000083,1.0,0.47995136312498543
0.0020662000000000085,1.0,0.4851259764272244
0.0020672000000000086,1.0,0.49024910103988895
0.0020682000000000087,1.0,0.4953212492882484
0.002069200000000009,1.0,0.5003429283998081
0.002070200000000009,1.0,0.5053146405550338
0.002071200000000009,1.0,0.5102368829375709
0.0020722000000000093,1.0,0.5151101477839631
0.0020732000000000094,1.0,0.5199349224328789
0.0020742000000000095,1.0,0.5247116893738453
0.0020752000000000097,1.0,0.5294409262954985
0.00207620000000001,1.0,0.5341231061333542
0.00207720000000001,1.0,0.538758697117102
0.00207820000000001,1.0,0.5433481628174294
0.00207920000000001,1.0,0.5478919621923803
0.0020802000000000103,1.0,0.5523905496332522
0.0020812000000000105,1.0,0.5568443750100357
0.0020822000000000106,1.0,0.5612538837164035
0.0020832000000000107,1.0,0.5656195167142504
0.002084200000000011,1.0,0.5699417105777902
0.002085200000000011,1.0,0.5742208975372152
0.002086200000000011,1.0,0.5784575055219195
0.0020872000000000113,1.0,0.5826519582032935
0.0020882000000000114,1.0,0.5868046750370917
0.0020892000000000115,1.0,0.5909160713053794
0.0020902000000000117,1.0,0.5949865581580622
0.002091200000000012,1.0,0.599016542654002
0.002092200000000012,1.0,0.6030064278017233
0.002093200000000012,1.0,0.606956612599716
0.002094200000000012,1.0,0.6108674920763357
0.0020952000000000123,1.0,0.6147394573293076
0.0020962000000000125,1.0,0.6185728955648369
0.0020972000000000126,1.0,0.622368190136331
0.0020982000000000127,1.0,0.6261257205827356
0.002099200000000013,1.0,0.6298458626664897
0.002100200000000013,1.0,0.6335289884111017
0.002101200000000013,1.0,0.6371754661383545
0.0021022000000000133,1.0,0.640785660505137
0.0021032000000000134,1.0,0.6443599325399119
0.0021042000000000135,1.0,0.6478986396788181
0.0021052000000000137,1.0,0.6514021358014169
0.002106200000000014,1.0,0.6548707712660794
0.002107200000000014,1.0,0.6583048929450238
0.002108200000000014,1.0,0.6617048442590037
0.002109200000000014,1.0,0.6650709652116507
0.0021102000000000143,1.0,0.6684035924234751
0.0021112000000000145,1.0,0.6717030591655302
0.0021122000000000146,1.0,0.6749696953927389
0.0021132000000000147,1.0,0.6782038277768907
0.002114200000000015,1.0,0.6814057797393097
0.002115200000000015,1.0,0.6845758714831973
0.002116200000000015,1.0,0.6877144200256532
0.0021172000000000153,1.0,0.6908217392293782
0.0021182000000000154,1.0,0.6938981398340609
0.0021192000000000155,1.0,0.6969439294874534
0.0021202000000000156,1.0,0.6999594127761357
0.0021212000000000158,1.0,0.7029448912559751
0.002122200000000016,1.0,0.705900663482284
0.002123200000000016,1.0,0.7088270250396743
0.002124200000000016,1.0,0.711724268571618
0.0021252000000000163,1.0,0.7145926838097113
0.0021262000000000164,1.0,0.7174325576026498
0.0021272000000000166,1.0,0.7202441739449122
0.0021282000000000167,1.0,0.723027814005162
0.002129200000000017,1.0,0.7257837561543646
0.002130200000000017,1.0,0.7285122759936248
0.002131200000000017,1.0,0.7312136463817478
0.0021322000000000172,1.0,0.7338881374625263
0.0021332000000000174,1.0,0.736536016691755
0.0021342000000000175,1.0,0.7391575488639764
0.0021352000000000176,1.0,0.741752996138962
0.0021362000000000178,1.0,0.7443226180679278
0.002137200000000018,1.0,0.7468666716194908
0.002138200000000018,1.0,0.7493854112053665
0.002139200000000018,1.0,0.7518790887058107
0.0021402000000000183,1.0,0.7543479534948077
0.0021412000000000184,1.0,0.7567922524650085
0.0021422000000000186,1.0,0.7592122300524214
0.0021432000000000187,1.0,0.7616081282608551
0.002144200000000019,1.0,0.7639801866861204
0.002145200000000019,1.0,0.76632864253999
0.002146200000000019,1.0,0.7686537306739206
0.0021472000000000192,1.0,0.7709556836025384
0.0021482000000000194,1.0,0.7732347315268912
0.0021492000000000195,1.0,0.7754911023574695
0.0021502000000000196,1.0,0.7777250217369974
0.0021512000000000198,1.0,0.7799367130629974
0.00215220000000002,1.0,0.7821263975101319
0.00215320000000002,1.0,0.7842942940523197
0.00215420000000002,1.0,0.7864406194846348
0.0021552000000000203,1.0,0.788565588444987
0.0021562000000000204,1.0,0.7906694134355844
0.0021572000000000206,1.0,0.7927523048441855
0.0021582000000000207,1.0,0.7948144709651388
0.002159200000000021,1.0,0.796856118020212
0.002160200000000021,1.0,0.7988774501792149
0.002161200000000021,1.0,0.8008786695804168
0.0021622000000000212,1.0,0.8028599763507608
0.0021632000000000214,1.0,0.8048215686258776
0.0021642000000000215,1.0,0.8067636425698987
0.0021652000000000216,1.0,0.8086863923950739
0.0021662000000000218,1.0,0.8105900103811926
0.002167200000000022,1.0,0.8124746868948125
0.002168200000000022,1.0,0.8143406104082971
0.002169200000000022,1.0,0.8161879675186625
0.0021702000000000223,1.0,0.8180169429662383
0.0021712000000000224,1.0,0.8198277196531416
0.0021722000000000226,1.0,0.8216204786615682
0.0021732000000000227,1.0,0.823395399271901
0.002174200000000023,1.0,0.8251526589806383
0.002175200000000023,1.0,0.8268924335181445
0.002176200000000023,1.0,0.8286148968662228
0.002177200000000023,1.0,0.8303202212755141
0.0021782000000000233,1.0,0.8320085772827229
0.0021792000000000235,1.0,0.833680133727671
0.0021802000000000236,1.0,0.8353350577701818
0.0021812000000000237,1.0,0.8369735149067971
0.002182200000000024,1.0,0.8385956689873266
0.002183200000000024,1.0,0.8402016822312338
0.002184200000000024,1.0,0.8417917152438582
0.0021852000000000243,1.0,0.8433659270324765
0.0021862000000000244,1.0,0.8449244750222031
0.0021872000000000245,1.0,0.8464675150717335
0.0021882000000000247,1.0,0.8479952014889302
0.002189200000000025,1.0,0.8495076870462543
0.002190200000000025,1.0,0.8510051229960431
0.002191200000000025,1.0,0.8524876590856347
0.002192200000000025,1.0,0.8539554435723449
0.0021932000000000253,1.0,0.8554086232382919
0.0021942000000000255,1.0,0.8568473434050753
0.0021952000000000256,1.0,0.8582717479483084
0.0021962000000000257,1.0,0.8596819793120068
0.002197200000000026,1.0,0.8610781785228327
0.002198200000000026,1.0,0.8624604852041977
0.002199200000000026,1.0,0.8638290375902256
0.0022002000000000263,1.0,0.8651839725395765
0.0022012000000000264,1.0,0.866525425549133
0.0022022000000000265,1.0,0.8678535307675497
0.0022032000000000267,1.0,0.8691684210086686
0.002204200000000027,1.0,0.8704702277648013
0.002205200000000027,1.0,0.8717590812198781
0.002206200000000027,1.0,0.8730351102624665
0.002207200000000027,1.0,0.8742984424986612
0.0022082000000000273,1.0,0.8755492042648438
0.0022092000000000275,1.0,0.8767875206403181
0.0022102000000000276,1.0,0.8780135154598175
0.0022112000000000277,1.0,0.8792273113258892
0.002212200000000028,1.0,0.880429029621154
0.002213200000000028,1.0,0.8816187905204461
0.002214200000000028,1.0,0.8827967130028298
0.0022152000000000283,1.0,0.8839629148634983
0.0022162000000000284,1.0,0.8851175127255533
0.0022172000000000285,1.0,0.8862606220516674
0.0022182000000000287,1.0,0.887392357155631
0.002219200000000029,1.0,0.888512831213784
0.002220200000000029,1.0,0.8896221562763333
0.002221200000000029,1.0,0.890720443278559
0.002222200000000029,1.0,0.8918078020519067
0.0022232000000000293,1.0,0.8928843413349723
0.0022242000000000295,1.0,0.8939501687843756
0.0022252000000000296,1.0,0.8950053909855263
0.0022262000000000297,1.0,0.8960501134632823
0.00222720000000003,1.0,0.8970844406925035
0.00222820000000003,1.0,0.8981084761084985
0.00222920000000003,1.0,0.8991223221173694
0.0022302000000000302,1.0,0.9001260801062514
0.0022312000000000304,1.0,0.9011198504534529
0.0022322000000000305,1.0,0.9021037325384931
0.0022332000000000306,1.0,0.9030778247520405
0.0022342000000000308,1.0,0.9040422245057517
0.002235200000000031,1.0,0.9049970282420129
0.002236200000000031,1.0,0.9059423314435849
0.002237200000000031,1.0,0.9068782286431512
0.0022382000000000313,1.0,0.9078048134327715
0.0022392000000000314,1.0,0.9087221784732414
0.0022402000000000316,1.0,0.9096304155033585
0.0022412000000000317,1.0,0.9105296153490964
0.002242200000000032,1.0,0.9114198679326875
0.002243200000000032,1.0,0.9123012622816162
0.002244200000000032,1.0,0.913173886537521
0.0022452000000000322,1.0,0.9140378279650084
0.0022462000000000324,1.0,0.9148931729603815
0.0022472000000000325,1.0,0.9157400070602784
0.0022482000000000326,1.0,0.9165784149502259
0.0022492000000000328,1.0,0.9174084804731092
0.002250200000000033,1.0,0.9182302866375558
0.002251200000000033,1.0,0.9190439156262369
0.002252200000000033,1.0,0.9198494488040851
0.0022532000000000333,1.0,0.9206469667264326
0.0022542000000000334,1.0,0.9214365491470652
0.0022552000000000336,1.0,0.9222182750261989
0.0022562000000000337,1.0,0.9229922225383761
0.002257200000000034,1.0,0.9237584690802828
0.002258200000000034,1.0,0.9245170912784894
0.002259200000000034,1.0,0.9252681649971116
0.0022602000000000342,1.0,0.9260117653453993
0.0022612000000000344,1.0,0.9267479666852463
0.0022622000000000345,1.0,0.927476842638627
0.0022632000000000346,1.0,0.9281984660949592
0.0022642000000000348,1.0,0.9289129092183924
0.002265200000000035,1.0,0.9296202434550251
0.002266200000000035,1.0,0.9303205395400498
0.002267200000000035,1.0,0.9310138675048257
0.0022682000000000353,1.0,0.9317002966838823
0.0022692000000000354,1.0,0.9323798957218536
0.0022702000000000356,1.0,0.9330527325803426
0.0022712000000000357,1.0,0.9337188745447174
0.002272200000000036,1.0,0.9343783882308395
0.002273200000000036,1.0,0.9350313395917268
0.002274200000000036,1.0,0.9356777939241476
0.0022752000000000362,1.0,0.9363178158751512
0.0022762000000000364,1.0,0.9369514694485328
0.0022772000000000365,1.0,0.9375788180112341
0.0022782000000000366,1.0,0.9381999242996796
0.0022792000000000368,1.0,0.9388148504260511
0.002280200000000037,1.0,0.9394236578844983
0.002281200000000037,1.0,0.9400264075572894
0.002282200000000037,1.0,0.9406231597208986
0.0022832000000000373,1.0,0.9412139740520341
0.0022842000000000374,1.0,0.941798909633606
0.0022852000000000375,1.0,0.942378024960635
0.0022862000000000377,1.0,0.9429513779461017
0.002287200000000038,1.0,0.9435190259267375
0.002288200000000038,1.0,0.9440810256687601
0.002289200000000038,1.0,0.9446374333735487
0.002290200000000038,1.0,0.9451883046832648
0.0022912000000000383,1.0,0.9457336946864164
0.0022922000000000385,1.0,0.9462736579233676
0.0022932000000000386,1.0,0.9468082483917919
0.0022942000000000387,1.0,0.9473375195520727
0.002295200000000039,1.0,0.947861524332649
0.002296200000000039,1.0,0.9483803151353095
0.002297200000000039,1.0,0.948893943840431
0.0022982000000000393,1.0,0.9494024618121681
0.0022992000000000394,1.0,0.9499059199035892
0.0023002000000000395,1.0,0.9504043684617625
0.0023012000000000397,1.0,0.9508978573327898
0.00230220000000004,1.0,0.9513864358667921
0.00230320000000004,1.0,0.9518701529228439
0.00230420000000004,1.0,0.9523490568738605
0.00230520000000004,1.0,0.9528231956114341
0.0023062000000000403,1.0,0.9532926165506238
0.0023072000000000405,1.0,0.9537573666346973
0.0023082000000000406,1.0,0.9542174923398248
0.0023092000000000407,1.0,0.954673039679727
0.002310200000000041,1.0,0.9551240542102771
0.002311200000000041,1.0,0.9555705810340555
0.002312200000000041,1.0,0.9560126648048609
0.0023132000000000413,1.0,0.9564503497321759
0.0023142000000000414,1.0,0.9568836795855872
0.0023152000000000415,1.0,0.9573126976991636
0.0023162000000000417,1.0,0.9577374469757888
0.002317200000000042,1.0,0.9581579698914526
0.002318200000000042,1.0,0.9585743084994979
0.002319200000000042,1.0,0.9589865044348264
0.002320200000000042,1.0,0.9593945989180621
0.0023212000000000423,1.0,0.9597986327596734
0.0023222000000000425,1.0,0.9601986463640547
0.0023232000000000426,1.0,0.9605946797335667
0.0023242000000000427,1.0,0.9609867724725363
0.002325200000000043,1.0,0.9613749637912178
0.002326200000000043,1.0,0.9617592925097133
0.002327200000000043,1.0,0.9621397970618555
0.0023282000000000433,1.0,0.9625165154990513
0.0023292000000000434,1.0,0.9628894854940855
0.0023302000000000435,1.0,0.9632587443448906
0.0023312000000000437,1.0,0.9636243289782748
0.002332200000000044,1.0,0.9639862759536152
0.002333200000000044,1.0,0.9643446214665146
0.002334200000000044,1.0,0.9646994013524202
0.002335200000000044,1.0,0.9650506510902072
0.0023362000000000443,1.0,0.9653984058057276
0.0023372000000000445,1.0,0.9657427002753223
0.0023382000000000446,1.0,0.9660835689292994
0.0023392000000000447,1.0,0.966421045855376
0.002340200000000045,1.0,0.9667551648020888
0.002341200000000045,1.0,0.9670859591821673
0.002342200000000045,1.0,0.9674134620758773
0.0023432000000000452,1.0,0.9677377062343265
0.0023442000000000454,1.0,0.9680587240827413
0.0023452000000000455,1.0,0.9683765477237092
0.0023462000000000456,1.0,0.9686912089403888
0.0023472000000000458,1.0,0.9690027391996887
0.002348200000000046,1.0,0.9693111696554132
0.002349200000000046,1.0,0.9696165311513796
0.002350200000000046,1.0,0.9699188542245005
0.0023512000000000463,1.0,0.970218169107839
0.0023522000000000464,1.0,0.9705145057336316
0.0023532000000000466,1.0,0.9708078937362822
0.0023542000000000467,1.0,0.9710983624553242
0.002355200000000047,1.0,0.971385940938356
0.002356200000000047,1.0,0.9716706579439448
0.002357200000000047,1.0,0.9719525419445028
0.0023582000000000472,1.0,0.9722316211291345
0.0023592000000000474,1.0,0.9725079234064565
0.0023602000000000475,1.0,0.9727814764073872
0.0023612000000000476,1.0,0.9730523074879109
0.0023622000000000478,1.0,0.9733204437318125
0.002363200000000048,1.0,0.9735859119533866
0.002364200000000048,1.0,0.9738487387001192
0.002365200000000048,1.0,0.974108950255342
0.0023662000000000483,1.0,0.9743665726408614
0.0023672000000000484,1.0,0.9746216316195595
0.0023682000000000486,1.0,0.9748741526979717
0.0023692000000000487,1.0,0.9751241611288378
0.002370200000000049,1.0,0.9753716819136259
0.002371200000000049,1.0,0.9756167398050327
0.002372200000000049,1.0,0.9758593593094602
0.0023732000000000492,1.0,0.9760995646894655
0.0023742000000000494,1.0,0.9763373799661873
0.0023752000000000495,1.0,0.9765728289217478
0.0023762000000000496,1.0,0.9768059351016312
0.0023772000000000498,1.0,0.9770367218170379
0.00237820000000005,1.0,0.9772652121472166
0.00237920000000005,1.0,0.9774914289417715
0.00238020000000005,1.0,0.9777153948229481
0.0023812000000000503,1.0,0.977937132187894
0.0023822000000000504,1.0,0.9781566632109
0.0023832000000000506,1.0,0.9783740098456176
0.0023842000000000507,1.0,0.9785891938272535
0.002385200000000051,1.0,0.9788022366747438
0.002386200000000051,1.0,0.9790131596929056
0.002387200000000051,1.0,0.9792219839745683
0.0023882000000000512,1.0,0.9794287304026823
0.0023892000000000514,1.0,0.9796334196524069
0.0023902000000000515,1.0,0.979836072193179
0.0023912000000000516,1.0,0.9800367082907594
0.0023922000000000518,1.0,0.9802353480092594
0.002393200000000052,1.0,0.9804320112131475
0.002394200000000052,1.0,0.9806267175692357
0.002395200000000052,1.0,0.9808194865486465
0.0023962000000000523,1.0,0.9810103374287595
0.0023972000000000524,1.0,0.9811992892951403
0.0023982000000000525,1.0,0.9813863610434473
0.0023992000000000527,1.0,0.9815715713813234
0.002400200000000053,1.0,0.9817549388302658
0.002401200000000053,1.0,0.981936481727477
0.002402200000000053,1.0,0.9821162182277012
0.002403200000000053,1.0,0.9822941663050376
0.0024042000000000533,1.0,0.9824703437547387
0.0024052000000000535,1.0,0.9826447681949902
0.0024062000000000536,1.0,0.9828174570686721
0.0024072000000000537,1.0,0.9829884276451032
0.002408200000000054,1.0,0.983157697021769
0.002409200000000054,1.0,0.9833252821260301
0.002410200000000054,1.0,0.9834911997168159
0.0024112000000000543,1.0,0.9836554663863004
0.0024122000000000544,1.0,0.9838180985615612
0.0024132000000000545,1.0,0.9839791125062226
0.0024142000000000547,1.0,0.984138524322081
0.002415200000000055,1.0,0.9842963499507169
0.002416200000000055,1.0,0.9844526051750879
0.002417200000000055,1.0,0.9846073056211071
0.002418200000000055,1.0,0.9847604667592056
0.0024192000000000553,1.0,0.9849121039058801
0.0024202000000000555,1.0,0.9850622322252248
0.0024212000000000556,1.0,0.9852108667304466
0.0024222000000000557,1.0,0.9853580222853677
0.002423200000000056,1.0,0.9855037136059114
0.002424200000000056,1.0,0.9856479552615741
0.002425200000000056,1.0,0.9857907616768818
0.0024262000000000563,1.0,0.9859321471328334
0.0024272000000000564,1.0,0.9860721257683277
0.0024282000000000565,1.0,0.9862107115815782
0.0024292000000000567,1.0,0.9863479184315128
0.002430200000000057,1.0,0.9864837600391596
0.002431200000000057,1.0,0.9866182499890187
0.002432200000000057,1.0,0.9867514017304214
0.002433200000000057,1.0,0.9868832285788751
0.0024342000000000573,1.0,0.9870137437173939
0.0024352000000000575,1.0,0.9871429601978179
0.0024362000000000576,1.0,0.9872708909421184
0.0024372000000000577,1.0,0.9873975487436895
0.002438200000000058,1.0,0.9875229462686279
0.002439200000000058,1.0,0.987647096057
0.002440200000000058,1.0,0.9877700105240945
0.0024412000000000583,1.0,0.9878917019616659
0.0024422000000000584,1.0,0.9880121825391617
0.0024432000000000585,1.0,0.9881314643049413
0.0024442000000000587,1.0,0.9882495591874794
0.002445200000000059,1.0,0.9883664789965593
0.002446200000000059,1.0,0.9884822354244542
0.002447200000000059,1.0,0.9885968400470966
0.002448200000000059,1.0,0.9887103043252351
0.0024492000000000593,1.0,0.9888226396055811
0.0024502000000000594,1.0,0.9889338571219437
0.0024512000000000596,1.0,0.9890439679963525
0.0024522000000000597,1.0,0.9891529832401701
0.00245320000000006,1.0,0.9892609137551933
0.00245420000000006,1.0,0.9893677703347438
0.00245520000000006,1.0,0.9894735636647465
0.0024562000000000602,1.0,0.9895783043247988
0.0024572000000000604,1.0,0.9896820027892286
0.0024582000000000605,1.0,0.9897846694281418
0.0024592000000000606,1.0,0.9898863145084589
0.0024602000000000608,1.0,0.9899869481949422
0.002461200000000061,1.0,0.9900865805512115
0.002462200000000061,1.0,0.9901852215407517
0.002463200000000061,1.0,0.9902828810279085
0.0024642000000000613,1.0,0.9903795687788746
0.0024652000000000614,1.0,0.9904752944626669
0.0024662000000000616,1.0,0.9905700676520931
0.0024672000000000617,1.0,0.9906638978247092
0.002468200000000062,1.0,0.9907567943637672
0.002469200000000062,1.0,0.9908487665591529
0.002470200000000062,1.0,0.9909398236083156
0.0024712000000000622,1.0,0.9910299746171881
0.0024722000000000624,1.0,0.9911192286010969
0.0024732000000000625,1.0,0.9912075944856631
0.0024742000000000626,1.0,0.9912950811076963
0.0024752000000000628,1.0,0.9913816972160776
0.002476200000000063,1.0,0.9914674514726342
0.002477200000000063,1.0,0.9915523524530061
0.002478200000000063,1.0,0.9916364086475036
0.0024792000000000633,1.0,0.9917196284619564
0.0024802000000000634,1.0,0.9918020202185539
0.0024812000000000636,1.0,0.9918835921566777
0.0024822000000000637,1.0,0.9919643524337257
0.002483200000000064,1.0,0.9920443091259273
0.002484200000000064,1.0,0.9921234702291519
0.002485200000000064,1.0,0.9922018436597076
0.0024862000000000642,1.0,0.9922794372551338
0.0024872000000000644,1.0,0.9923562587749833
0.0024882000000000645,1.0,0.9924323159016004
0.0024892000000000646,1.0,0.9925076162408881
0.0024902000000000648,1.0,0.9925821673230683
0.002491200000000065,1.0,0.9926559766034357
0.002492200000000065,1.0,0.9927290514631031
0.002493200000000065,1.0,0.9928013992097391
0.0024942000000000653,1.0,0.9928730270782992
0.0024952000000000654,1.0,0.9929439422317492
0.0024962000000000656,1.0,0.9930141517617816
0.0024972000000000657,1.0,0.9930836626895252
0.002498200000000066,1.0,0.9931524819662466
0.002499200000000066,1.0,0.9932206164740452
0.002500200000000066,1.0,0.9932880730265423
0.002501,0.9999999999998915,0.9933415545163661
0.0025011,0.9000000000000518,0.993248306210156
0.0025013,0.6999999999999384,0.9928621957082379
0.0025017,0.3000000000001456,0.9908946819529159
0.0025020000000000003,0.0,0.988375776265585
0.0025020800000000003,0.0,0.9875857076994257
0.00250224,0.0,0.9860068336663332
0.00250256,0.0,0.9828566520891245
0.0025032,0.0,0.976586434212958
0.0025042000000000003,0.0,0.9668691562605903
0.0025052000000000004,0.0,0.957248567641082
0.0025062000000000005,0.0,0.947723706271519
0.0025072000000000007,0.0,0.9382936196419519
0.002508200000000001,0.0,0.9289573647201417
0.002509200000000001,0.0,0.9197140078572547
0.002510200000000001,0.0,0.910562624694496
0.002511200000000001,0.0,0.9015023000706701
0.0025122000000000013,0.0,0.8925321279306634
0.0025132000000000015,0.0,0.8836512112348359
0.0025142000000000016,0.0,0.8748586618693152
0.0025152000000000017,0.0,0.8661536005571827
0.002516200000000002,0.0,0.8575351567705441
0.002517200000000002,0.0,0.8490024686434742
0.002518200000000002,0.0,0.8405546828858278
0.0025192000000000023,0.0,0.8321909546979092
0.0025202000000000024,0.0,0.8239104476859899
0.0025212000000000025,0.0,0.8157123337786667
0.0025222000000000027,0.0,0.807595793144053
0.002523200000000003,0.0,0.7995600141077938
0.002524200000000003,0.0,0.7916041930718952
0.002525200000000003,0.0,0.7837275344343639
0.002526200000000003,0.0,0.7759292505096439
0.0025272000000000033,0.0,0.7682085614498466
0.0025282000000000034,0.0,0.7605646951667637
0.0025292000000000036,0.0,0.7529968872546567
0.0025302000000000037,0.0,0.7455043809138143
0.002531200000000004,0.0,0.7380864268748709
0.002532200000000004,0.0,0.7307422833238773
0.002533200000000004,0.0,0.7234712158281174
0.0025342000000000042,0.0,0.7162724972626635
0.0025352000000000044,0.0,0.709145407737662
0.0025362000000000045,0.0,0.702089234526342
0.0025372000000000046,0.0,0.6951032719937417
0.0025382000000000048,0.0,0.6881868215261423
0.002539200000000005,0.0,0.6813391914612056
0.002540200000000005,0.0,0.6745596970188057
0.002541200000000005,0.0,0.6678476602325489
0.0025422000000000053,0.0,0.6612024098819764
0.0025432000000000054,0.0,0.6546232814254395
0.0025442000000000056,0.0,0.6481096169336439
0.0025452000000000057,0.0,0.6416607650238565
0.002546200000000006,0.0,0.6352760807947635
0.002547200000000006,0.0,0.62895492576198
0.002548200000000006,0.0,0.6226966677941992
0.0025492000000000062,0.0,0.6165006810499782
0.0025502000000000064,0.0,0.6103663459151525
0.0025512000000000065,0.0,0.6042930489408724
0.0025522000000000066,0.0,0.5982801827822568
0.0025532000000000068,0.0,0.5923271461376572
0.002554200000000007,0.0,0.5864333436885264
0.002555200000000007,0.0,0.5805981860398844
0.002556200000000007,0.0,0.5748210896613782
0.0025572000000000073,0.0,0.5691014768289268
0.0025582000000000074,0.0,0.5634387755669474
0.0025592000000000076,0.0,0.5578324195911569
0.0025602000000000077,0.0,0.5522818482519415
0.002561200000000008,0.0,0.5467865064782904
0.002562200000000008,0.0,0.5413458447222876
0.002563200000000008,0.0,0.5359593189041555
0.0025642000000000082,0.0,0.5306263903578455
0.0025652000000000084,0.0,0.5253465257771706
0.0025662000000000085,0.0,0.5201191971624725
0.0025672000000000086,0.0,0.514943881767821
0.0025682000000000088,0.0,0.5098200620487383
0.002569200000000009,0.0,0.5047472256104425
0.002570200000000009,0.0,0.4997248651566073
0.002571200000000009,0.0,0.4947524784386312
0.0025722000000000093,0.0,0.4898295682054111
0.0025732000000000094,0.0,0.48495564215361614
0.0025742000000000096,0.0,0.4801302128784559
0.0025752000000000097,0.0,0.475352797824939
0.00257620000000001,0.0,0.4706229192396162
0.00257720000000001,0.0,0.46594010412280407
0.00257820000000001,0.0,0.4613038841812837
0.0025792000000000102,0.0,0.45671379578147
0.0025802000000000103,0.0,0.4521693799030474
0.0025812000000000105,0.0,0.4476701820930668
0.0025822000000000106,0.0,0.44321575242049893
0.0025832000000000107,0.0,0.4388056454312403
0.002584200000000011,0.0,0.43443942010356623
0.002585200000000011,0.0,0.4301166398040283
0.002586200000000011,0.0,0.42583687224378924
0.0025872000000000113,0.0,0.4215996894353934
0.0025882000000000114,0.0,0.41740466764996675
0.0025892000000000115,0.0,0.4132513873748428
0.0025902000000000117,0.0,0.4091394332716105
0.002591200000000012,0.0,0.40506839413457957
0.002592200000000012,0.0,0.4010378628496585
0.002593200000000012,0.0,0.397047436353642
0.002594200000000012,0.0,0.39309671559390436
0.0025952000000000123,0.0,0.3891853054884925
0.0025962000000000125,0.0,0.38531281488661706
0.0025972000000000126,0.0,0.3814788565295364
0.0025982000000000127,0.0,0.37768304701182964
0.002599200000000013,0.0,0.37392500674305523
0.002600200000000013,0.0,0.37020435990979106
0.002601200000000013,0.0,0.3665207344380519
0.0026022000000000133,0.0,0.3628737619560813
0.0026032000000000134,0.0,0.35926307775751337
0.0026042000000000135,0.0,0.35568832076490137
0.0026052000000000137,0.0,0.3521491334936089
0.002606200000000014,0.0,0.34864516201606055
0.002607200000000014,0.0,0.3451760559263486
0.002608200000000014,0.0,0.3417414683051908
0.002609200000000014,0.0,0.33834105568523865
0.0026102000000000143,0.0,0.3349744780167288
0.0026112000000000145,0.0,0.3316413986334777
0.0026122000000000146,0.0,0.3283414842192143
0.0026132000000000147,0.0,0.3250744047742471
0.002614200000000015,0.0,0.3218398335824636
0.002615200000000015,0.0,0.31863744717865805
0.002616200000000015,0.0,0.31546692531618387
0.0026172000000000153,0.0,0.3123279509349284
0.0026182000000000154,0.0,0.30922021012960565
0.0026192000000000155,0.0,0.3061433921183658
0.0026202000000000157,0.0,0.3030971892117154
0.002621200000000016,0.0,0.30008129678174805
0.002622200000000016,0.0,0.29709541323168087
0.002623200000000016,0.0,0.294139239965694
0.002624200000000016,0.0,0.29121248135907024
0.0026252000000000163,0.0,0.2883148447286317
0.0026262000000000165,0.0,0.28544604030347126
0.0026272000000000166,0.0,0.28260578119597407
0.0026282000000000167,0.0,0.27979378337312855
0.002629200000000017,0.0,0.27700976562812224
0.002630200000000017,0.0,0.27425344955222053
0.002631200000000017,0.0,0.27152455950692483
0.0026322000000000173,0.0,0.26882282259640816
0.0026332000000000174,0.0,0.266147968640225
0.0026342000000000175,0.0,0.2634997301462924
0.0026352000000000176,0.0,0.2608778422841403
0.0026362000000000178,0.0,0.2582820428584275
0.002637200000000018,0.0,0.25571207228272175
0.002638200000000018,0.0,0.2531676735535405
0.002639200000000018,0.0,0.2506485922246496
0.0026402000000000183,0.0,0.24815457638161822
0.0026412000000000184,0.0,0.24568537661662698
0.0026422000000000186,0.0,0.24324074600352621
0.0026432000000000187,0.0,0.24082044007314285
0.002644200000000019,0.0,0.23842421678883294
0.002645200000000019,0.0,0.2360518365222774
0.002646200000000019,0.0,0.2337030620295184
0.0026472000000000192,0.0,0.23137765842723468
0.0026482000000000194,0.0,0.22907539316925235
0.0026492000000000195,0.0,0.22679603602328965
0.0026502000000000196,0.0,0.22453935904793354
0.0026512000000000198,0.0,0.22230513656984466
0.00265220000000002,0.0,0.2200931451611895
0.00265320000000002,0.0,0.21790316361729709
0.00265420000000002,0.0,0.21573497293453792
0.0026552000000000203,0.0,0.2135883562884231
0.0026562000000000204,0.0,0.21146309901192137
0.0026572000000000206,0.0,0.20935898857399182
0.0026582000000000207,0.0,0.20727581455833022
0.002659200000000021,0.0,0.20521336864232695
0.002660200000000021,0.0,0.20317144457623415
0.002661200000000021,0.0,0.20114983816254037
0.0026622000000000212,0.0,0.19914834723554997
0.0026632000000000214,0.0,0.19716677164116642
0.0026642000000000215,0.0,0.19520491321687622
0.0026652000000000216,0.0,0.1932625757719322
0.0026662000000000218,0.0,0.19133956506773392
0.002667200000000022,0.0,0.18943568879840325
0.002668200000000022,0.0,0.18755075657155354
0.002669200000000022,0.0,0.18568457988924955
0.0026702000000000223,0.0,0.18383697212915748
0.0026712000000000224,0.0,0.18200774852588228
0.0026722000000000226,0.0,0.18019672615249038
0.0026732000000000227,0.0,0.17840372390221687
0.002674200000000023,0.0,0.17662856247035402
0.002675200000000023,0.0,0.17487106433632066
0.002676200000000023,0.0,0.17313105374590956
0.0026772000000000232,0.0,0.17140835669371146
0.0026782000000000234,0.0,0.16970280090571435
0.0026792000000000235,0.0,0.16801421582207546
0.0026802000000000236,0.0,0.16634243258006481
0.0026812000000000238,0.0,0.1646872839971786
0.002682200000000024,0.0,0.16304860455442063
0.002683200000000024,0.0,0.1614262303797498
0.002684200000000024,0.0,0.1598199992316926
0.0026852000000000243,0.0,0.15822975048311855
0.0026862000000000244,0.0,0.1566553251051771
0.0026872000000000246,0.0,0.15509656565139424
0.0026882000000000247,0.0,0.15355331624192764
0.002689200000000025,0.0,0.15202542254797813
0.002690200000000025,0.0,0.15051273177635643
0.002691200000000025,0.0,0.1490150926542036
0.002692200000000025,0.0,0.1475323554138633
0.0026932000000000253,0.0,0.14606437177790452
0.0026942000000000255,0.0,0.14461099494429355
0.0026952000000000256,0.0,0.14317207957171352
0.0026962000000000257,0.0,0.1417474817650298
0.002697200000000026,0.0,0.14033705906090016
0.002698200000000026,0.0,0.13894067041352803
0.002699200000000026,0.0,0.1375581761805576
0.0027002000000000263,0.0,0.1361894381091093
0.0027012000000000264,0.0,0.134834319321954
0.0027022000000000265,0.0,0.1334926843038251
0.0027032000000000267,0.0,0.13216439888786666
0.002704200000000027,0.0,0.13084933024221626
0.002705200000000027,0.0,0.1295473468567216
0.002706200000000027,0.0,0.12825831852978906
0.002707200000000027,0.0,0.1269821163553633
0.0027082000000000273,0.0,0.12571861271003631
0.0027092000000000275,0.0,0.12446768124028472
0.0027102000000000276,0.0,0.12322919684983415
0.0027112000000000277,0.0,0.12200303568714925
0.002712200000000028,0.0,0.12078907513304829
0.002713200000000028,0.0,0.11958719378844088
0.002714200000000028,0.0,0.11839727146218777
0.0027152000000000283,0.0,0.11721918915908146
0.0027162000000000284,0.0,0.11605282906794634
0.0027172000000000285,0.0,0.11489807454985734
0.0027182000000000287,0.0,0.11375481012647569
0.002719200000000029,0.0,0.11262292146850082
0.002720200000000029,0.0,0.11150229538423713
0.002721200000000029,0.0,0.11039281980827456
0.002722200000000029,0.0,0.10929438379028178
0.0027232000000000293,0.0,0.10820687748391083
0.0027242000000000295,0.0,0.10713019213581222
0.0027252000000000296,0.0,0.10606422007475937
0.0027262000000000297,0.0,0.10500885470088116
0.00272720000000003,0.0,0.10396399047500177
0.00272820000000003,0.0,0.10292952290808634
0.00272920000000003,0.0,0.10190534855079195
0.0027302000000000303,0.0,0.10089136498312239
0.0027312000000000304,0.0,0.09988747080418584
0.0027322000000000305,0.0,0.09889356562205462
0.0027332000000000307,0.0,0.0979095500437257
0.002734200000000031,0.0,0.09693532566518119
0.002735200000000031,0.0,0.09597079506154757
0.002736200000000031,0.0,0.09501586177735308
0.002737200000000031,0.0,0.09407043031688189
0.0027382000000000313,0.0,0.09313440613462437
0.0027392000000000315,0.0,0.09220769562582214
0.0027402000000000316,0.0,0.0912902061171075
0.0027412000000000317,0.0,0.09038184585723578
0.002742200000000032,0.0,0.08948252400791004
0.002743200000000032,0.0,0.08859215063469703
0.002744200000000032,0.0,0.08771063669803338
0.0027452000000000322,0.0,0.0868378940443216
0.0027462000000000324,0.0,0.08597383539711444
0.0027472000000000325,0.0,0.08511837434838691
0.0027482000000000326,0.0,0.08427142534989551
0.0027492000000000328,0.0,0.08343290370462293
0.002750200000000033,0.0,0.08260272555830829
0.002751200000000033,0.0,0.08178080789106144
0.002752200000000033,0.0,0.08096706850906082
0.0027532000000000333,0.0,0.08016142603633386
0.0027542000000000334,0.0,0.07936379990661911
0.0027552000000000336,0.0,0.07857411035530946
0.0027562000000000337,0.0,0.07779227841147554
0.002757200000000034,0.0,0.07701822588996832
0.002758200000000034,0.0,0.0762518753836005
0.002759200000000034,0.0,0.0754931502554055
0.0027602000000000342,0.0,0.07474197463097361
0.0027612000000000344,0.0,0.07399827339086441
0.0027622000000000345,0.0,0.07326197216309463
0.0027632000000000346,0.0,0.07253299731570066
0.0027642000000000348,0.0,0.0718112759493753
0.002765200000000035,0.0,0.07109673589017754
0.002766200000000035,0.0,0.07038930568231508
0.002767200000000035,0.0,0.06968891458099852
0.0027682000000000353,0.0,0.06899549254536669
0.0027692000000000354,0.0,0.06830897023148244
0.0027702000000000356,0.0,0.06762927898539804
0.0027712000000000357,0.0,0.0669563508362896
0.002772200000000036,0.0,0.06629011848965986
0.002773200000000036,0.0,0.06563051532060853
0.002774200000000036,0.0,0.06497747536716963
0.0027752000000000362,0.0,0.0643309333237152
0.0027762000000000364,0.0,0.06369082453442451
0.0027772000000000365,0.0,0.0630570849868183
0.0027782000000000366,0.0,0.062429651305357416
0.0027792000000000368,0.0,0.0618084607451051
0.002780200000000037,0.0,0.06119345118545231
0.002781200000000037,0.0,0.06058456112390552
0.002782200000000037,0.0,0.05998172966993632
0.0027832000000000373,0.0,0.05938489653889218
0.0027842000000000374,0.0,0.05879400204596789
0.0027852000000000376,0.0,0.05820898710023687
0.0027862000000000377,0.0,0.05762979319874197
0.002787200000000038,0.0,0.05705636242064504
0.002788200000000038,0.0,0.05648863742143465
0.002789200000000038,0.0,0.05592656142719154
0.0027902000000000382,0.0,0.055370078228911025
0.0027912000000000384,0.0,0.05481913217688205
0.0027922000000000385,0.0,0.054273668175122025
0.0027932000000000386,0.0,0.05373363167586708
0.0027942000000000388,0.0,0.053198968674117164
0.002795200000000039,0.0,0.05266962570223541
0.002796200000000039,0.0,0.05214554982460125
0.002797200000000039,0.0,0.05162668863231667
0.0027982000000000393,0.0,0.051112990237965256
0.0027992000000000394,0.0,0.050604403270423315
0.0028002000000000395,0.0,0.05010087686972259
0.0028012000000000397,0.0,0.04960236068196415
0.00280220000000004,0.0,0.049108804854282914
0.00280320000000004,0.0,0.048620160029862206
0.00280420000000004,0.0,0.04813637734299792
0.00280520000000004,0.0,0.047657408414211885
0.0028062000000000403,0.0,0.04718320534541377
0.0028072000000000405,0.0,0.04671372071511116
0.0028082000000000406,0.0,0.046248907573667265
0.0028092000000000407,0.0,0.0457887194386059
0.002810200000000041,0.0,0.04533311028996306
0.002811200000000041,0.0,0.04488203456568483
0.002812200000000041,0.0,0.04443544715707105
0.0028132000000000413,0.0,0.043993303404264376
0.0028142000000000414,0.0,0.04355555909178412
0.0028152000000000415,0.0,0.04312217044410468
0.0028162000000000417,0.0,0.042693094121277766
0.002817200000000042,0.0,0.042268287214598396
0.002818200000000042,0.0,0.04184770724231385
0.002819200000000042,0.0,0.041431312145375404
0.002820200000000042,0.0,0.041019060283232364
0.0028212000000000423,0.0,0.040610910429667864
0.0028222000000000425,0.0,0.04020682176867614
0.0028232000000000426,0.0,0.03980675389038085
0.0028242000000000427,0.0,0.03941066678699399
0.002825200000000043,0.0,0.03901852084881495
0.002826200000000043,0.0,0.038630276860269534
0.002827200000000043,0.0,0.038245895995988245
0.0028282000000000433,0.0,0.03786533981692368
0.0028292000000000434,0.0,0.03748857026650653
0.0028302000000000435,0.0,0.037115549666839796
0.0028312000000000437,0.0,0.03674624071493095
0.002832200000000044,0.0,0.03638060647896149
0.002833200000000044,0.0,0.03601861039459372
0.002834200000000044,0.0,0.03566021626131419
0.002835200000000044,0.0,0.03530538823881356
0.0028362000000000443,0.0,0.03495409084340249
0.0028372000000000445,0.0,0.03460628894446316
0.0028382000000000446,0.0,0.03426194776093616
0.0028392000000000447,0.0,0.03392103285784227
0.002840200000000045,0.0,0.03358351014283888
0.002841200000000045,0.0,0.033249345862810635
0.002842200000000045,0.0,0.03291850660049412
0.0028432000000000453,0.0,0.03259095927113597
0.0028442000000000454,0.0,0.032266671119184374
0.0028452000000000455,0.0,0.03194560971501339
0.0028462000000000457,0.0,0.03162774295167993
0.002847200000000046,0.0,0.031313039041712974
0.002848200000000046,0.0,0.031001466513934744
0.002849200000000046,0.0,0.030692994210313504
0.002850200000000046,0.0,0.0303875912828477
0.0028512000000000463,0.0,0.03008522719048106
0.0028522000000000465,0.0,0.029785871696048415
0.0028532000000000466,0.0,0.029489494863251923
0.0028542000000000467,0.0,0.02919606705366733
0.002855200000000047,0.0,0.028905558923780095
0.002856200000000047,0.0,0.02861794142205095
0.002857200000000047,0.0,0.02833318578601065
0.0028582000000000472,0.0,0.028051263539383683
0.0028592000000000474,0.0,0.027772146489240562
0.0028602000000000475,0.0,0.027495806723178466
0.0028612000000000476,0.0,0.027222216606529924
0.0028622000000000478,0.0,0.02695134877959928
0.002863200000000048,0.0,0.026683176154926654
0.002864200000000048,0.0,0.02641767191457913
0.002865200000000048,0.0,0.026154809507468894
0.0028662000000000483,0.0,0.025894562646698056
0.0028672000000000484,0.0,0.02563690530692991
0.0028682000000000486,0.0,0.025381811721786326
0.0028692000000000487,0.0,0.02512925638127104
0.002870200000000049,0.0,0.024879214029218596
0.002871200000000049,0.0,0.02463165966076866
0.002872200000000049,0.0,0.024386568519865492
0.0028732000000000492,0.0,0.02414391609678226
0.0028742000000000494,0.0,0.023903678125670003
0.0028752000000000495,0.0,0.023665830582131002
0.0028762000000000496,0.0,0.023430349680816268
0.0028772000000000498,0.0,0.023197211873046956
0.00287820000000005,0.0,0.022966393844459435
0.00287920000000005,0.0,0.022737872512673778
0.00288020000000005,0.0,0.02251162502498549
0.0028812000000000503,0.0,0.022287628756080164
0.0028822000000000504,0.0,0.022065861305770908
0.0028832000000000506,0.0,0.021846300496758262
0.0028842000000000507,0.0,0.021628924372412407
0.002885200000000051,0.0,0.021413711194577457
0.002886200000000051,0.0,0.021200639441397582
0.002887200000000051,0.0,0.02098968780516477
0.0028882000000000512,0.0,0.020780835190188012
0.0028892000000000514,0.0,0.020574060710683663
0.0028902000000000515,0.0,0.020369343688686814
0.0028912000000000516,0.0,0.02016666365198347
0.0028922000000000518,0.0,0.01996600033206324
0.002893200000000052,0.0,0.019767333662092462
0.002894200000000052,0.0,0.019570643774907463
0.002895200000000052,0.0,0.019375911001027788
0.0028962000000000523,0.0,0.01918311586668921
0.0028972000000000524,0.0,0.018992239091896283
0.0028982000000000526,0.0,0.01880326158849433
0.0028992000000000527,0.0,0.018616164458260562
0.002900200000000053,0.0,0.01843092899101419
0.002901200000000053,0.0,0.018247536662745395
0.002902200000000053,0.0,0.018065969133762853
0.0029032000000000532,0.0,0.01788620824685974
0.0029042000000000534,0.0,0.017708236025497957
0.0029052000000000535,0.0,0.017532034672010418
0.0029062000000000536,0.0,0.017357586565821263
0.0029072000000000538,0.0,0.01718487426168374
0.002908200000000054,0.0,0.017013880487935645
0.002909200000000054,0.0,0.016844588144772105
0.002910200000000054,0.0,0.01667698030253557
0.0029112000000000543,0.0,0.016511040200022784
0.0029122000000000544,0.0,0.016346751242808634
0.0029132000000000545,0.0,0.016184097001586663
0.0029142000000000547,0.0,0.0160230612105261
0.002915200000000055,0.0,0.015863627765645247
0.002916200000000055,0.0,0.015705780723201015
0.002917200000000055,0.0,0.015549504298094539
0.002918200000000055,0.0,0.015394782862292606
0.0029192000000000553,0.0,0.01524160094326482
0.0029202000000000555,0.0,0.015089943222436316
0.0029212000000000556,0.0,0.014939794533655853
0.0029222000000000557,0.0,0.014791139861679176
0.002923200000000056,0.0,0.014643964340667443
0.002924200000000056,0.0,0.014498253252700601
0.002925200000000056,0.0,0.01435399202630557
0.0029262000000000563,0.0,0.014211166234999049
0.0029272000000000564,0.0,0.01406976159584483
0.0029282000000000565,0.0,0.013929763968025479
0.0029292000000000567,0.0,0.013791159351428212
0.002930200000000057,0.0,0.013653933885244846
0.002931200000000057,0.0,0.013518073846585692
0.002932200000000057,0.0,0.013383565649107228
0.002933200000000057,0.0,0.013250395841653426
0.0029342000000000573,0.0,0.013118551106910603
0.0029352000000000575,0.0,0.012988018260075673
0.0029362000000000576,0.0,0.01285878424753761
0.0029372000000000577,0.0,0.012730836145572064
0.002938200000000058,0.0,0.012604161159048959
0.002939200000000058,0.0,0.012478746620152954
0.002940200000000058,0.0,0.012354579987116608
0.0029412000000000583,0.0,0.012231648842966196
0.0029422000000000584,0.0,0.012109940894279969
0.0029432000000000585,0.0,0.011989443969958777
0.0029442000000000587,0.0,0.011870146020008939
0.002945200000000059,0.0,0.01175203511433721
0.002946200000000059,0.0,0.011635099441557738
0.002947200000000059,0.0,0.011519327307810896
0.002948200000000059,0.0,0.011404707135593873
0.0029492000000000593,0.0,0.01129122746260289
0.0029502000000000595,0.0,0.011178876940586942
0.0029512000000000596,0.0,0.011067644334212945
0.0029522000000000597,0.0,0.010957518519942169
0.00295320000000006,0.0,0.010848488484917871
0.00295420000000006,0.0,0.010740543325863963
0.00295520000000006,0.0,0.01063367224799467
0.0029562000000000603,0.0,0.010527864563935023
0.0029572000000000604,0.0,0.010423109692652088
0.0029582000000000605,0.0,0.010319397158396842
0.0029592000000000607,0.0,0.010216716589656576
0.002960200000000061,0.0,0.010115057718117706
0.002961200000000061,0.0,0.010014410377638923
0.002962200000000061,0.0,0.009914764503234556
0.002963200000000061,0.0,0.009816110130068046
0.0029642000000000613,0.0,0.00971843739245543
0.0029652000000000614,0.0,0.009621736522878762
0.0029662000000000616,0.0,0.009525997851009322
0.0029672000000000617,0.0,0.009431211802740576
0.002968200000000062,0.0,0.009337368899230723
0.002969200000000062,0.0,0.009244459755954799
0.002970200000000062,0.0,0.009152475081766196
0.0029712000000000622,0.0,0.00906140567796753
0.0029722000000000624,0.0,0.008971242437390737
0.0029732000000000625,0.0,0.00888197634348635
0.0029742000000000626,0.0,0.008793598469421808
0.0029752000000000628,0.0,0.008706099977188755
0.002976200000000063,0.0,0.008619472116719215
0.002977200000000063,0.0,0.008533706225010566
0.002978200000000063,0.0,0.008448793725259217
0.0029792000000000633,0.0,0.008364726126002905
0.0029802000000000634,0.0,0.008281495020271533
0.0029812000000000636,0.0,0.008199092084746444
0.0029822000000000637,0.0,0.008117509078928073
0.002983200000000064,0.0,0.008036737844311874
0.002984200000000064,0.0,0.007956770303572452
0.002985200000000064,0.0,0.007877598459755811
0.0029862000000000642,0.0,0.007799214395479636
0.0029872000000000644,0.0,0.007721610272141531
0.0029882000000000645,0.0,0.0076447783291351485
0.0029892000000000646,0.0,0.007568710883074102
0.0029902000000000648,0.0,0.0074934003270236155
0.002991200000000065,0.0,0.007418839129739798
0.002992200000000065,0.0,0.0073450198349165165
0.002993200000000065,0.0,0.007271935060439735
0.0029942000000000653,0.0,0.007199577497649289
0.0029952000000000654,0.0,0.007127939910608003
0.0029962000000000656,0.0,0.007057015135378073
0.0029972000000000657,0.0,0.006986796079304661
0.002998200000000066,0.0,0.0069172757203066065
0.002999200000000066,0.0,0.006848447106174203
0.003,0.0,0.006793877806527888
